quandl code,name
WIKI/ACT,"Actavis, Inc."
WIKI/ADM,"Archer-Daniels-Midland Company"
WIKI/AEE,"Ameren Corporation"
WIKI/ADP,"Automatic Data Processing, Inc."
WIKI/ADS,"Alliance Data Systems Corporation"
WIKI/ADT,"ADT Corporation"
WIKI/AES,"The AES Corporation"
WIKI/AGN,"Allergan, Inc."
WIKI/AVY,"Avery Dennison Corporation"
WIKI/AIG,"American International Group, Inc."
WIKI/AIV,"Apartment Investment and Management Company"
WIKI/AIZ,"Assurant, Inc."
WIKI/ALL,"Allstate Corporation (The)"
WIKI/ALLE,"Allegion plc"
WIKI/ALTR,"Altera Corporation"
WIKI/ALXN,"Alexion Pharmaceuticals, Inc."
WIKI/AMAT,"Applied Materials, Inc."
WIKI/AME,"AMTEK, Inc."
WIKI/AMP,"AMERIPRISE FINANCIAL SERVICES, INC."
WIKI/AMT,"American Tower Corporation (REIT)"
WIKI/AMZN,"Amazon.com, Inc."
WIKI/BCR,"C.R. Bard, Inc."
WIKI/APA,"Apache Corporation"
WIKI/APC,"Anadarko Petroleum Corporation"
WIKI/APD,"Air Products and Chemicals, Inc."
WIKI/MCHP,"Microchip Technology Incorporated"
WIKI/APH,"Amphenol Corporation"
WIKI/AVB,"AvalonBay Communities, Inc."
WIKI/AVP,"Avon Products, Inc."
WIKI/AXP,"American Express Company"
WIKI/AZO,"AutoZone, Inc."
WIKI/BAX,"Baxter International Inc."
WIKI/BBBY,"Bed Bath & Beyond Inc."
WIKI/BBY,"Best Buy Co., Inc."
WIKI/BDX,"Becton, Dickinson and Company"
WIKI/BEAM,"Beam Inc."
WIKI/BHI,"Baker Hughes Incorporated"
WIKI/BIIB,"Biogen Idec Inc."
WIKI/BLL,"Ball Corporation"
WIKI/BMS,"Bemis Company, Inc."
WIKI/BMY,"Bristol-Myers Squibb Company"
WIKI/BRK_B,"Berkshire Hathaway Inc."
WIKI/BSX,"Boston Scientific Corporation"
WIKI/BXP,"Boston Properties, Inc."
WIKI/CAG,"ConAgra Foods, Inc."
WIKI/CAH,"Cardinal Health, Inc."
WIKI/CAM,"Cameron International Corporation"
WIKI/CCI,"Crown Castle International Corporation"
WIKI/CF,"CF Industries Holdings, Inc."
WIKI/CFN,"CareFusion Corporation"
WIKI/MCK,"McKesson Corporation"
WIKI/CHRW,"C.H. Robinson Worldwide, Inc."
WIKI/CI,"Cigna Corporation"
WIKI/CL,"Colgate-Palmolive Company"
WIKI/CLX,"Clorox Company (The)"
WIKI/CMA,"Comerica Incorporated"
WIKI/CME,"CME Group Inc."
WIKI/CMG,"Chipotle Mexican Grill, Inc."
WIKI/CMI,"Cummins Inc."
WIKI/CMS,"CMS Energy Corporation"
WIKI/COF,"Capital One Financial Corporation"
WIKI/COG,"Cabot Oil & Gas Corporation"
WIKI/COH,"Coach, Inc."
WIKI/COP,"ConocoPhillips"
WIKI/COST,"Costco Wholesale Corporation"
WIKI/CPB,"Campbell Soup Company"
WIKI/CRM,"Salesforce.com Inc"
WIKI/CSC,"Computer Sciences Corporation"
WIKI/CSCO,"Cisco Systems, Inc."
WIKI/CSX,"CSX Corporation"
WIKI/CTAS,"Cintas Corporation"
WIKI/CTL,"CenturyLink, Inc."
WIKI/CTSH,"Cognizant Technology Solutions Corporation"
WIKI/CVC,"Cablevision Systems Corporation"
WIKI/D,"Dominion Resources, Inc."
WIKI/DAL,"Delta Air Lines, Inc."
WIKI/DE,"Deere & Company"
WIKI/DFS,"Discover Financial Services"
WIKI/DG,"Dollar General Corporation"
WIKI/DGX,"Quest Diagnostics Incorporated"
WIKI/DIS,"Walt Disney Company (The)"
WIKI/DISCA,"Discovery Communications, Inc."
WIKI/DLPH,"Delphi Automotive plc"
WIKI/DLTR,"Dollar Tree, Inc."
WIKI/DNB,"Dun & Bradstreet Corporation (The)"
WIKI/DNR,"Denbury Resources Inc."
WIKI/DOV,"Dover Corporation"
WIKI/DOW,"Dow Chemical Company (The)"
WIKI/DRI,"Darden Restaurants, Inc."
WIKI/DTE,"DTE Energy Company"
WIKI/DTV,"DIRECTV"
WIKI/DUK,"Duke Energy Corporation"
WIKI/DVA,"DaVita healthCare Partners Inc."
WIKI/EBAY,"eBay Inc."
WIKI/ECL,"Ecolab Inc."
WIKI/ED,"Consolidated Edison Inc"
WIKI/EFX,"Equifax, Inc."
WIKI/EIX,"Edison International"
WIKI/EMC,"EMC Corporation"
WIKI/EMN,"Eastman Chemical Company"
WIKI/HAS,"Hasbro, Inc."
WIKI/EMR,"Emerson Electric Company"
WIKI/EOG,"EOG Resources, Inc."
WIKI/EQT,"EQT Corporation"
WIKI/ESRX,"Express Scripts Holding Company"
WIKI/FDO,"Family Dollar Stores, Inc."
WIKI/ESV,"ENSCO plc"
WIKI/MET,"MetLife, Inc."
WIKI/ETN,"Eaton Corporation, PLC"
WIKI/ETR,"Entergy Corporation"
WIKI/EW,"Edwards Lifesciences Corporation"
WIKI/NOC,"Northrop Grumman Corporation"
WIKI/EXPD,"Expeditors International of Washington, Inc."
WIKI/FB,"Facebook, Inc."
WIKI/FDX,"FedEx Corporation"
WIKI/FE,"FirstEnergy Corporation"
WIKI/FIS,"Fidelity National Information Services, Inc."
WIKI/FISV,"Fiserv, Inc."
WIKI/FLIR,"FLIR Systems, Inc."
WIKI/FLR,"Fluor Corporation"
WIKI/FMC,"FMC Corporation"
WIKI/FRX,"Forest Laboratories, Inc."
WIKI/FTI,"FMC Technologies, Inc."
WIKI/FTR,"Frontier Communications Corporation"
WIKI/GAS,"AGL Resources, Inc."
WIKI/GCI,"Gannett Co., Inc."
WIKI/GE,"General Electric Company"
WIKI/GHC,"Graham Holdings Company"
WIKI/GILD,"Gilead Sciences, Inc."
WIKI/GPS,"Gap, Inc. (The)"
WIKI/GRMN,"Garmin Ltd."
WIKI/GS,"Goldman Sachs Group, Inc. (The)"
WIKI/GWW,"W.W. Grainger, Inc."
WIKI/HAL,"Halliburton Company"
WIKI/HAR,"Harman International Industries, Incorporated"
WIKI/HBAN,"Huntington Bancshares Incorporated"
WIKI/HCBK,"Hudson City Bancorp, Inc."
WIKI/HCN,"Health Care REIT, Inc."
WIKI/HD,"Home Depot, Inc. (The)"
WIKI/HES,"Hess Corporation"
WIKI/HOG,"Harley-Davidson, Inc."
WIKI/HON,"Honeywell International Inc."
WIKI/HOT,"Starwood Hotels & Resorts Worldwide, Inc."
WIKI/HP,"Helmerich & Payne, Inc."
WIKI/HRB,"H&R Block, Inc."
WIKI/HRL,"Hormel Foods Corporation"
WIKI/HRS,"Harris Corporation"
WIKI/HSP,"Hospira Inc"
WIKI/HST,"Host Hotels & Resorts, Inc."
WIKI/HSY,"Hershey Company (The)"
WIKI/HUM,"Humana Inc."
WIKI/IBM,"International Business Machines Corporation"
WIKI/ICE,"IntercontinentalExchange Group Inc."
WIKI/INTU,"Intuit Inc."
WIKI/IGT,"International Game Technology"
WIKI/INTC,"Intel Corporation"
WIKI/ISRG,"Intuitive Surgical, Inc."
WIKI/ITW,"Illinois Tool Works Inc."
WIKI/JBL,"Jabil Circuit, Inc."
WIKI/JEC,"Jacobs Engineering Group Inc."
WIKI/JNPR,"Juniper Networks, Inc."
WIKI/OMC,"Omnicom Group Inc."
WIKI/KIM,"Kimco Realty Corporation"
WIKI/KLAC,"KLA-Tencor Corporation"
WIKI/KMB,"Kimberly-Clark Corporation"
WIKI/KMI,"Kinder Morgan, Inc."
WIKI/KO,"Coca-Cola Company (The)"
WIKI/KR,"Kroger Company (The)"
WIKI/KRFT,"Kraft Foods Group, Inc."
WIKI/LEN,"Lennar Corporation"
WIKI/KSS,"Kohl's Corporation"
WIKI/KSU,"Kansas City Southern"
WIKI/L,"Loews Corporation"
WIKI/LLL,"L-3 Communications Holdings, Inc."
WIKI/LM,"Legg Mason, Inc."
WIKI/LMT,"Lockheed Martin Corporation"
WIKI/MTB,"M&T Bank Corporation"
WIKI/LNC,"Lincoln National Corporation"
WIKI/LO,"Lorillard, Inc"
WIKI/MKC,"McCormick & Company, Incorporated"
WIKI/PAYX,"Paychex, Inc."
WIKI/PBCT,"People's United Financial, Inc."
WIKI/PCAR,"PACCAR Inc."
WIKI/PCG,"Pacific Gas & Electric Co."
WIKI/PG,"Procter & Gamble Company (The)"
WIKI/PPL,"PPL Corporation"
WIKI/RDC,"Rowan Companies plc"
WIKI/RL,"Ralph Lauren Corporation"
WIKI/SNI,"Scripps Networks Interactive, Inc"
WIKI/STZ,"Constellation Brands Inc"
WIKI/SWY,"Safeway Inc."
WIKI/SYK,"Stryker Corporation"
WIKI/SYY,"Sysco Corporation"
WIKI/TJX,"TJX Companies, Inc. (The)"
WIKI/TRIP,"TripAdvisor, Inc."
WIKI/TROW,"T. Rowe Price Group, Inc."
WIKI/UNH,"UnitedHealth Group Incorporated"
WIKI/UNM,"Unum Group"
WIKI/VNO,"Vornado Realty Trust"
WIKI/MMC,"Marsh & McLennan Companies, Inc."
WIKI/VTR,"Ventas, Inc."
WIKI/WYN,"Wyndham Worldwide Corp"
WIKI/XYL,"Xylem Inc."
WIKI/ZION,"Zions Bancorporation"
WIKI/ZMH,"Zimmer Holdings, Inc."
WIKI/MON,"Monsanto Company"
WIKI/LRCX,"Lam Research Corporation"
WIKI/LUK,"Leucadia National Corporation"
WIKI/LUV,"Southwest Airlines Company"
WIKI/LYB,"LyondellBasell Industries NV"
WIKI/MA,"Mastercard Incorporated"
WIKI/MPC,"Marathon Petroleum Corporation"
WIKI/NDAQ,"The NASDAQ OMX Group, Inc."
WIKI/MS,"Morgan Stanley"
WIKI/A,"Agilent Technologies, Inc."
WIKI/NEM,"Newmont Mining Corporation"
WIKI/ABBV,"AbbVie Inc."
WIKI/ABC,"AmerisourceBergen Corporation (Holding Co)"
WIKI/ABT,"Abbott Laboratories"
WIKI/MAT,"Mattel, Inc."
WIKI/MJN,"Mead Johnson Nutrition Company"
WIKI/MNST,"Monster Beverage Corporation"
WIKI/MOS,"Mosaic Company (The)"
WIKI/MRK,"Merck & Company, Inc."
WIKI/MRO,"Marathon Oil Corporation"
WIKI/MSFT,"Microsoft Corporation"
WIKI/MSI,"Motorola Solutions, Inc."
WIKI/MUR,"Murphy Oil Corporation"
WIKI/NEE,"NextEra Energy, Inc."
WIKI/NE,"Noble Corporation"
WIKI/NFX,"Newfield Exploration Company"
WIKI/NSC,"Norfolk Souther Corporation"
WIKI/NTAP,"NetApp, Inc."
WIKI/NTRS,"Northern Trust Corporation"
WIKI/NU,"Northeast Utilities"
WIKI/NUE,"Nucor Corporation"
WIKI/NWL,"Newell Rubbermaid Inc."
WIKI/NWSA,"News Corporation"
WIKI/OI,"Owens-Illinois, Inc."
WIKI/ORLY,"O'Reilly Automotive, Inc."
WIKI/OXY,"Occidental Petroleum Corporation"
WIKI/PBI,"Pitney Bowes Inc."
WIKI/PCLN,"The Priceline Group Inc."
WIKI/PCP,"Precision Castparts Corporation"
WIKI/PDCO,"Patterson Companies, Inc."
WIKI/PEG,"Public Service Enterprise Group Incorporated"
WIKI/PETM,"PetSmart, Inc"
WIKI/PFE,"Pfizer, Inc."
WIKI/PGR,"Progressive Corporation (The)"
WIKI/PH,"Parker-Hannifin Corporation"
WIKI/PHM,"PulteGroup, Inc."
WIKI/PKI,"PerkinElmer, Inc."
WIKI/PLD,"ProLogis, Inc."
WIKI/PLL,"Pall Corporation"
WIKI/PNC,"PNC Financial Services Group, Inc. (The)"
WIKI/PNR,"Pentair, Ltd."
WIKI/PNW,"Pinnacle West Capital Corporation"
WIKI/PPG,"PPG Industries, Inc."
WIKI/PRGO,"Perrigo Company"
WIKI/PRU,"Prudential Financial, Inc."
WIKI/PSX,"Phillips 66"
WIKI/PVH,"PVH Corp."
WIKI/PX,"Praxair, Inc."
WIKI/QEP,"QEP Resources, Inc."
WIKI/R,"Ryder System, Inc."
WIKI/REGN,"Regeneron Pharmaceuticals, Inc."
WIKI/RF,"Regions Financial Corporation"
WIKI/RHI,"Robert Half International Inc."
WIKI/RHT,"Red Hat, Inc."
WIKI/ROK,"Rockwell Automation, Inc."
WIKI/ROST,"Ross Stores, Inc."
WIKI/RTN,"Raytheon Company"
WIKI/SBUX,"Starbucks Corporation"
WIKI/SCG,"Scana Corporation"
WIKI/SCHW,"The Charles Schwab Corporation"
WIKI/SE,"Spectra Energy Corp"
WIKI/SEE,"Sealed Air Corporation"
WIKI/SIAL,"Sigma-Aldrich Corporation"
WIKI/SLB,"Schlumberger N.V."
WIKI/SLM,"SLM Corporation"
WIKI/SNA,"Snap-On Incorporated"
WIKI/SO,"Southern Company (The)"
WIKI/SPG,"Simon Property Group, Inc."
WIKI/SRE,"Sempra Energy"
WIKI/STI,"SunTrust Banks, Inc."
WIKI/STX,"Seagate Technology."
WIKI/TSN,"Tyson Foods, Inc."
WIKI/SWK,"Stanley Black & Decker, Inc."
WIKI/SWN,"Southwestern Energy Company"
WIKI/SYMC,"Symantec Corporation"
WIKI/TAP,"Molson Coors Brewing  Company"
WIKI/TE,"TECO Energy, Inc."
WIKI/TEG,"Integrys Energy Group"
WIKI/WU,"Western Union Company (The)"
WIKI/TEL,"TE Connectivity Ltd."
WIKI/TGT,"Target Corporation"
WIKI/TMK,"Torchmark Corporation"
WIKI/TSS,"Total System Services, Inc."
WIKI/TWX,"Time Warner Inc."
WIKI/TXN,"Texas Instruments Incorporated"
WIKI/TYC,"Tyco International, Ltd. (Switzerland)"
WIKI/UPS,"United Parcel Service, Inc."
WIKI/URBN,"Urban Outfitters, Inc."
WIKI/USB,"U.S. Bancorp"
WIKI/UTX,"United Technologies Corporation"
WIKI/V,"Visa Inc."
WIKI/VFC,"V.F. Corporation"
WIKI/VIAB,"Viacom Inc."
WIKI/VLO,"Valero Energy Corporation"
WIKI/VMC,"Vulcan Materials Company"
WIKI/VRSN,"VeriSign, Inc."
WIKI/VRTX,"Vertex Pharmaceuticals Incorporated"
WIKI/VZ,"Verizon Communications Inc."
WIKI/WAG,"Walgreen Co."
WIKI/WAT,"Waters Corporation"
WIKI/WDC,"Western Digital Corporation"
WIKI/WEC,"Wisconsin Energy Corporation"
WIKI/WFC,"Wells Fargo & Company"
WIKI/WHR,"Whirlpool Corporation"
WIKI/WIN,"Windstream Holdings, Inc."
WIKI/WLP,"WellPoint Inc."
WIKI/WMB,"Williams Companies, Inc. (The)"
WIKI/WMT,"Wal-Mart Stores, Inc."
WIKI/X,"United States Steel Corporation"
WIKI/XEL,"Xcel Energy Inc."
WIKI/XLNX,"Xilinx, Inc."
WIKI/XOM,"Exxon Mobil Corporation"
WIKI/XRAY,"DENTSPLY International Inc."
WIKI/XRX,"Xerox Corporation"
WIKI/YHOO,"Yahoo! Inc."
WIKI/YUM,"Yum! Brands, Inc."
WIKI/ZTS,"Zoetis Inc."
WIKI/MAC,"Macerich Company (The)"
WIKI/MAR,"Marriott International"
WIKI/IPAR,"Inter Parfums, Inc."
WIKI/IPGP,"IPG Photonics Corporation"
WIKI/INTL,"INTL FCStone Inc."
WIKI/NSIT,"Insight Enterprises, Inc."
WIKI/INSM,"Insmed, Inc."
WIKI/NSP,"Insperity, Inc."
WIKI/IIIN,"Insteel Industries, Inc."
WIKI/PODD,"Insulet Corporation"
WIKI/INSY,"Insys Therapeutics, Inc."
WIKI/KOS,"Kosmos Energy Ltd."
WIKI/IBKR,"Interactive Brokers Group, Inc."
WIKI/ININ,"Interactive Intelligence Group, Inc."
WIKI/IDCC,"InterDigital, Inc."
WIKI/INVN,"InvenSense, Inc."
WIKI/TILE,"Interface, Inc."
WIKI/IMI,"Intermolecular, Inc."
WIKI/ITMN,"InterMune, Inc."
WIKI/KRA,"Kraton Performance Polymers, Inc"
WIKI/INAP,"Internap Network Services Corporation"
WIKI/ISCA,"International Speedway Corporation"
WIKI/KTOS,"Kratos Defense & Security Solutions, Inc."
WIKI/IRDM,"Iridium Communications Inc"
WIKI/JAKK,"JAKKS Pacific, Inc."
WIKI/ISIL,"Intersil Corporation"
WIKI/IILG,"Interval Leisure Group, Inc."
WIKI/IBCA,"Intervest Bancshares Corp."
WIKI/ISH,"International Shipholding Corporation"
WIKI/IL,"IntraLinks Holdings, Inc."
WIKI/SNAK,"Inventure Foods, Inc."
WIKI/KOP,"Koppers Holdings Inc."
WIKI/KFY,"Korn/Ferry International"
WIKI/ITG,"Investment Technology Group, Inc."
WIKI/ISBC,"Investors Bancorp, Inc."
WIKI/ITIC,"Investors Title Company"
WIKI/IO,"Ion Geophysical Corporation"
WIKI/IIVI,"II-VI Incorporated"
WIKI/HFC,"HollyFrontier Corporation"
WIKI/HNI,"HNI Corporation"
WIKI/HOLX,"Hologic, Inc."
WIKI/HBCP,"Home Bancorp, Inc."
WIKI/HOMB,"Home BancShares, Inc."
WIKI/HOME,"Home Federal Bancorp, Inc."
WIKI/HLSS,"Home Loan Servicing Solutions, Ltd."
WIKI/AWAY,"HomeAway, Inc."
WIKI/HMST,"HomeStreet, Inc."
WIKI/HTBI,"HomeTrust Bancshares, Inc."
WIKI/HOFT,"Hooker Furniture Corporation"
WIKI/HMN,"Horace Mann Educators Corporation"
WIKI/HBNC,"Horizon Bancorp (IN)"
WIKI/HZNP,"Horizon Pharma, Inc."
WIKI/HRZN,"Horizon Technology Finance Corporation"
WIKI/HOS,"Hornbeck Offshore Services"
WIKI/HWCC,"Houston Wire & Cable Company"
WIKI/HOV,"Hovnanian Enterprises Inc"
WIKI/HHC,"Howard Hughes Corporation (The)"
WIKI/HSNI,"HSN, Inc."
WIKI/HUBG,"Hub Group, Inc."
WIKI/HVB,"Hudson Valley Holding Corp."
WIKI/JBHT,"J.B. Hunt Transport Services, Inc."
WIKI/ICUI,"ICU Medical, Inc."
WIKI/HII,"Huntington Ingalls Industries, Inc."
WIKI/HURC,"Hurco Companies, Inc."
WIKI/HURN,"Huron Consulting Group Inc."
WIKI/HTCH,"Hutchinson Technology Incorporated"
WIKI/H,"Hyatt Hotels Corporation"
WIKI/HPTX,"Hyperion Therapeutics, Inc."
WIKI/HY,"Hyster-Yale Materials Handling, Inc."
WIKI/IBKC,"IBERIABANK Corporation"
WIKI/ICFI,"ICF International, Inc."
WIKI/ICGE,"ICG Group, Inc."
WIKI/ICON,"Iconix Brand Group, Inc."
WIKI/IDA,"IDACORP, Inc."
WIKI/IDIX,"Idenix Pharmaceuticals, Inc."
WIKI/IEX,"IDEX Corporation"
WIKI/IMN,"Imation Corporation"
WIKI/IDXX,"IDEXX Laboratories, Inc."
WIKI/IDT,"IDT Corporation"
WIKI/IGTE,"iGATE Corporation"
WIKI/IRG,"Ignite Restaurant Group, Inc."
WIKI/ILMN,"Illumina, Inc."
WIKI/IMMU,"Immunomedics, Inc."
WIKI/IMMR,"Immersion Corporation"
WIKI/IMGN,"ImmunoGen, Inc."
WIKI/IPXL,"Impax Laboratories, Inc."
WIKI/IFT,"Imperial Holdings, Inc."
WIKI/IMPV,"Imperva, Inc."
WIKI/SAAS,"inContact, Inc."
WIKI/INCY,"Incyte Corporation"
WIKI/IHC,"Independence Holding Company"
WIKI/IBTX,"Independent Bank Group, Inc"
WIKI/INFN,"Infinera Corporation"
WIKI/INFI,"Infinity Pharmaceuticals, Inc."
WIKI/IMKTA,"Ingles Markets, Incorporated"
WIKI/IPCC,"Infinity Property and Casualty Corporation"
WIKI/BLOX,"Infoblox Inc."
WIKI/INFA,"Informatica Corporation"
WIKI/VOYA,"Voya Financial, Inc."
WIKI/IM,"Ingram Micro Inc."
WIKI/INGR,"Ingredion Incorporated"
WIKI/IPHS,"Innophos Holdings, Inc."
WIKI/IOSP,"Innospec Inc."
WIKI/ISSC,"Innovative Solutions and Support, Inc."
WIKI/IPHI,"Inphi Corporation"
WIKI/IART,"Integra LifeSciences Holdings Corporation"
WIKI/IDTI,"Integrated Device Technology, Inc."
WIKI/I,"Intelsat S.A."
WIKI/MACK,"Merrimack Pharmaceuticals, Inc."
WIKI/MLAB,"Mesa Laboratories, Inc."
WIKI/CASH,"Meta Financial Group, Inc."
WIKI/MEI,"Methode Electronics, Inc."
WIKI/METR,"Metro Bancorp, Inc"
WIKI/MTD,"Mettler-Toledo International, Inc."
WIKI/MGEE,"MGE Energy Inc."
WIKI/MTG,"MGIC Investment Corporation"
WIKI/MCRL,"Micrel, Incorporated"
WIKI/MSCC,"Microsemi Corporation"
WIKI/MSTR,"MicroStrategy Incorporated"
WIKI/MBRG,"Middleburg Financial Corporation"
WIKI/MIDD,"The Middleby Corporation"
WIKI/MSEX,"Middlesex Water Company"
WIKI/MSL,"MidSouth Bancorp"
WIKI/MPO,"Midstates Petroleum Company, Inc."
WIKI/MDW,"Midway Gold Corporation"
WIKI/MOFG,"MidWestOne Financial Group, Inc."
WIKI/MM,"Millennial Media, Inc."
WIKI/MILL,"Miller Energy Resources, Inc."
WIKI/MDXG,"MiMedx Group, Inc"
WIKI/MSA,"MSA Safety Incorporporated"
WIKI/MTX,"Minerals Technologies Inc."
WIKI/MG,"Mistras Group Inc"
WIKI/MIND,"Mitcham Industries, Inc."
WIKI/MITK,"Mitek Systems, Inc."
WIKI/MKSI,"MKS Instruments, Inc."
WIKI/MINI,"Mobile Mini, Inc."
WIKI/MOD,"Modine Manufacturing Company"
WIKI/MLNK,"ModusLink Global Solutions, Inc"
WIKI/MCP,"Molycorp, Inc"
WIKI/MNTA,"Momenta Pharmaceuticals, Inc."
WIKI/MCRI,"Monarch Casino & Resort, Inc."
WIKI/MGI,"Moneygram International, Inc."
WIKI/MPWR,"Monolithic Power Systems, Inc."
WIKI/TYPE,"Monotype Imaging Holdings Inc."
WIKI/MNRO,"Monro Muffler Brake, Inc."
WIKI/MWW,"Monster Worldwide, Inc."
WIKI/MHGC,"Morgans Hotel Group Co."
WIKI/MOSY,"MoSys, Inc."
WIKI/NPK,"National Presto Industries, Inc."
WIKI/MOV,"Movado Group Inc."
WIKI/MOVE,"Move, Inc."
WIKI/MRC,"MRC Global Inc."
WIKI/MSM,"MSC Industrial Direct Company, Inc."
WIKI/NATH,"Nathan's Famous, Inc."
WIKI/MSCI,"MSCI Inc"
WIKI/MTSC,"MTS Systems Corporation"
WIKI/MLI,"Mueller Industries, Inc."
WIKI/MWA,"MUELLER WATER PRODUCTS"
WIKI/LABL,"Multi-Color Corporation"
WIKI/MFLX,"Multi-Fineline Electronix, Inc."
WIKI/MGAM,"Multimedia Games Holding Company, Inc."
WIKI/MVC,"MVC Capital, Inc."
WIKI/MWIV,"MWI Veterinary Supply, Inc."
WIKI/MYRG,"MYR Group, Inc."
WIKI/MYGN,"Myriad Genetics, Inc."
WIKI/NC,"NACCO Industries, Inc."
WIKI/NANO,"Nanometrics Incorporated"
WIKI/NSPH,"Nanosphere, Inc."
WIKI/NASB,"NASB Financial Inc."
WIKI/NBHC,"National Bank Holdings Corporation"
WIKI/NKSH,"National Bankshares, Inc."
WIKI/FIZZ,"National Beverage Corp."
WIKI/NCMI,"National CineMedia, Inc."
WIKI/NFG,"National Fuel Gas Company"
WIKI/NHC,"National HealthCare Corporation"
WIKI/NATI,"National Instruments Corporation"
WIKI/PRTA,"Prothena Corporation plc"
WIKI/NATL,"National Interstate Corporation"
WIKI/NPBC,"National Penn Bancshares, Inc."
WIKI/NWLI,"National Western Life Insurance Company"
WIKI/NSM,"Nationstar Mortgage Holdings Inc."
WIKI/NGS,"Natural Gas Services Group, Inc."
WIKI/NGVC,"Natural Grocers by Vitamin Cottage, Inc."
WIKI/BABY,"Natus Medical Incorporated"
WIKI/PRSC,"The Providence Service Corporation"
WIKI/NATR,"Nature's Sunshine Products, Inc."
WIKI/NLS,"Nautilus Group, Inc. (The)"
WIKI/NAVB,"Navidea Biopharmaceuticals, Inc."
WIKI/NCI,"Navigant Consulting, Inc."
WIKI/NAVG,"The Navigators Group, Inc."
WIKI/PFS,"Provident Financial Services, Inc"
WIKI/NAV,"Navistar International Corporation"
WIKI/NCS,"NCI Building Systems, Inc."
WIKI/NCR,"NCR Corporation"
WIKI/NP,"Neenah Paper, Inc."
WIKI/NKTR,"Nektar Therapeutics"
WIKI/NNI,"Nelnet, Inc."
WIKI/NEOG,"Neogen Corporation"
WIKI/NEO,"NeoGenomics, Inc."
WIKI/NEON,"Neonode Inc."
WIKI/NPTN,"NeoPhotonics Corporation"
WIKI/NETE,"Net Element, Inc."
WIKI/NTCT,"NetScout Systems, Inc."
WIKI/NBIX,"Neurocrine Biosciences, Inc."
WIKI/NSR,"Neustar, Inc."
WIKI/IQNT,"Inteliquent, Inc."
WIKI/NJR,"NewJersey Resources Corporation"
WIKI/NMFC,"New Mountain Finance Corporation"
WIKI/NWY,"New York & Company, Inc."
WIKI/NYCB,"New York Community Bancorp, Inc."
WIKI/NYT,"New York Times Company (The)"
WIKI/NBBC,"NewBridge Bancorp"
WIKI/NLNK,"NewLink Genetics Corporation"
WIKI/NEU,"NewMarket Corporation"
WIKI/NR,"Newpark Resources, Inc."
WIKI/NEWP,"Newport Corporation"
WIKI/NEWS,"NewStar Financial, Inc."
WIKI/NXST,"Nexstar Broadcasting Group, Inc."
WIKI/NVAX,"Novavax, Inc."
WIKI/NGPC,"NGP Capital Resources Company"
WIKI/EGOV,"NIC Inc."
WIKI/NICK,"Nicholas Financial, Inc."
WIKI/NIHD,"NII Holdings, Inc."
WIKI/NL,"NL Industries, Inc."
WIKI/NFBK,"Northfield Bancorp, Inc."
WIKI/NNBR,"NN, Inc."
WIKI/NOR,"Noranda Aluminum Holding Corporation"
WIKI/NAT,"Nordic American Tankers Limited"
WIKI/NDSN,"Nordson Corporation"
WIKI/NTK,"Nortek Inc."
WIKI/NOG,"Northern Oil and Gas, Inc."
WIKI/NWBI,"Northwest Bancshares, Inc."
WIKI/NWN,"Northwest Natural Gas Company"
WIKI/NWPX,"Northwest Pipe Company"
WIKI/NCLH,"Norwegian Cruise Line Holdings Ltd."
WIKI/NPSP,"NPS Pharmaceuticals, Inc."
WIKI/NTLS,"NTELOS Holdings Corp."
WIKI/NUS,"Nu Skin Enterprises, Inc."
WIKI/NUAN,"Nuance Communications, Inc."
WIKI/PROV,"Provident Financial Holdings, Inc."
WIKI/NMRX,"Numerex Corp."
WIKI/NUTR,"Nutraceutical International Corporation"
WIKI/NTRI,"NutriSystem Inc"
WIKI/NUVA,"NuVasive, Inc."
WIKI/OIS,"Oil States International, Inc."
WIKI/NES,"Nuverra Environmental Solutions, Inc."
WIKI/NVEC,"NVE Corporation"
WIKI/NVR,"NVR, Inc."
WIKI/NXTM,"NxStage Medical, Inc."
WIKI/OAS,"Oasis Petroleum Inc."
WIKI/OII,"Oceaneering International, Inc."
WIKI/OCFC,"OceanFirst Financial Corp."
WIKI/OCN,"Ocwen Financial Corporation"
WIKI/OMEX,"Odyssey Marine Exploration, Inc."
WIKI/ODP,"Office Depot, Inc."
WIKI/OFG,"OFG Bancorp"
WIKI/OGE,"OGE Energy Corporation"
WIKI/ODC,"Oil-Dri Corporation Of America"
WIKI/ODFL,"Old Dominion Freight Line, Inc."
WIKI/ONB,"Old National Bancorp"
WIKI/ORI,"Old Republic International Corporation"
WIKI/OLN,"Olin Corporation"
WIKI/ZEUS,"Olympic Steel, Inc."
WIKI/OMG,"OM Group, Inc."
WIKI/OFLX,"Omega Flex, Inc."
WIKI/OME,"Omega Protein Corporation"
WIKI/OMER,"Omeros Corporation"
WIKI/OABC,"OmniAmerican Bancorp, Inc."
WIKI/ORB,"Orbital Sciences Corporation"
WIKI/OCR,"Omnicare, Inc."
WIKI/OMCL,"Omnicell, Inc."
WIKI/OVTI,"OmniVision Technologies, Inc."
WIKI/OMN,"OMNOVA Solutions Inc."
WIKI/ASGN,"On Assignment, Inc."
WIKI/ONNN,"ON Semiconductor Corporation"
WIKI/OGXI,"OncoGenex Pharmaceuticals Inc."
WIKI/OB,"OneBeacon Insurance Group, Ltd."
WIKI/OPEN,"OpenTable, Inc."
WIKI/OPK,"Opko Health Inc"
WIKI/OPLK,"Oplink Communications, Inc."
WIKI/OPY,"Oppenheimer Holdings, Inc."
WIKI/OSUR,"OraSure Technologies, Inc."
WIKI/ORBC,"ORBCOMM Inc."
WIKI/OWW,"Orbitz Worldwide, Inc."
WIKI/TIS,"Orchids Paper Products Company"
WIKI/OREX,"Orexigen Therapeutics, Inc."
WIKI/OEH,"Orient-Express Hotels Ltd."
WIKI/ORN,"Orion Marine Group Inc"
WIKI/OSK,"Oshkosh Corporation"
WIKI/OSIS,"OSI Systems, Inc."
WIKI/OSIR,"Osiris Therapeutics, Inc."
WIKI/OTTR,"Otter Tail Corporation"
WIKI/OVAS,"Ovascience Inc."
WIKI/OSTK,"Overstock.com, Inc."
WIKI/OMI,"Owens & Minor, Inc."
WIKI/OC,"Owens Corning Inc"
WIKI/PCCC,"PC Connection, Inc."
WIKI/PACB,"Pacific Biosciences of California, Inc."
WIKI/PCBK,"Pacific Continental Corporation (Ore)"
WIKI/PPBI,"Pacific Premier Bancorp Inc"
WIKI/PCRX,"Pacira Pharmaceuticals, Inc."
WIKI/PKG,"Packaging Corporation of America"
WIKI/PACW,"PacWest Bancorp"
WIKI/PLMT,"Palmetto Bancshares, Inc. (SC)"
WIKI/P,"Pandora Media, Inc."
WIKI/PNRA,"Panera Bread Company"
WIKI/PHX,"Panhandle Royalty Company"
WIKI/PTRY,"The Pantry, Inc."
WIKI/PZZA,"Papa John'S International, Inc."
WIKI/PZG,"Paramount Gold and Silver Corp."
WIKI/PRXL,"PAREXEL International Corporation"
WIKI/PRK,"Park National Corporation"
WIKI/PKOH,"Park-Ohio Holdings Corp."
WIKI/PSTB,"Park Sterling Corporation"
WIKI/PKD,"Parker Drilling Company"
WIKI/PRKR,"ParkerVision, Inc."
WIKI/PRE,"PartnerRe Ltd."
WIKI/PATK,"Patrick Industries, Inc."
WIKI/QLGC,"QLogic Corporation"
WIKI/KWR,"Quaker Chemical Corporation"
WIKI/PATR,"Patriot Transportation Holding, Inc."
WIKI/PTEN,"Patterson-UTI Energy, Inc."
WIKI/PDFS,"PDF Solutions, Inc."
WIKI/PDLI,"PDL BioPharma, Inc."
WIKI/PGC,"Peapack-Gladstone Financial Corporation"
WIKI/PEGA,"Pegasystems Inc."
WIKI/PCO,"Pendrell Corporation"
WIKI/PENX,"Penford Corporation"
WIKI/PENN,"Penn National Gaming, Inc."
WIKI/PVA,"Penn Virginia Corporation"
WIKI/PFLT,"PennantPark Floating Rate Capital Ltd."
WIKI/PNNT,"PennantPark Investment Corporation"
WIKI/JCP,"J.C. Penney Company, Inc. Holding Company"
WIKI/PFSI,"PennyMac Financial Services, Inc."
WIKI/PAG,"Penske Automotive Group, Inc."
WIKI/PBY,"Pep Boys-Manny, Moe & Jack (The)"
WIKI/PPHM,"Peregrine Pharmaceuticals Inc."
WIKI/PSMI,"Peregrine Semiconductor Corp."
WIKI/PRFT,"Perficient, Inc."
WIKI/PFMT,"Performant Financial Corporation"
WIKI/PSEM,"Pericom Semiconductor Corporation"
WIKI/PTX,"Pernix Therapeutics Holdings, Inc."
WIKI/PETS,"PetMed Express, Inc."
WIKI/PHH,"PHH Corp"
WIKI/PQ,"Petroquest Energy Inc"
WIKI/PGTI,"PGT, Inc."
WIKI/PMC,"Pharmerica Corporation"
WIKI/PHIIK,"PHI, Inc."
WIKI/PNX,"Phoenix Companies, Inc. (The)"
WIKI/PHMD,"PhotoMedex, Inc."
WIKI/PICO,"PICO Holdings Inc."
WIKI/PNY,"Piedmont Natural Gas Company, Inc."
WIKI/PNFP,"Pinnacle Financial Partners, Inc."
WIKI/PIKE,"Pike Corporation"
WIKI/PPC,"Pilgrim's Pride Corporation"
WIKI/PF,"Pinnacle Foods, Inc."
WIKI/PES,"Pioneer Energy Services Corp."
WIKI/PJC,"Piper Jaffray Companies"
WIKI/PLT,"Plantronics, Inc."
WIKI/PTP,"Platinum Underwriters Holdings, Ltd"
WIKI/PCYO,"Pure Cycle Corporation"
WIKI/PGEM,"Ply Gem Holdings, Inc."
WIKI/PZN,"Pzena Investment Management Inc"
WIKI/PMCS,"PMC - Sierra, Inc."
WIKI/PII,"Polaris Industries Inc."
WIKI/PMFG,"PMFG, Inc."
WIKI/QADA,"QAD Inc."
WIKI/POR,"Portland General Electric Company"
WIKI/PLCM,"Polycom, Inc."
WIKI/POOL,"Pool Corporation"
WIKI/BPOP,"Popular, Inc."
WIKI/PRAA,"Portfolio Recovery Associates, Inc."
WIKI/PTLA,"Portola Pharmaceuticals, Inc."
WIKI/POST,"Post Holdings, Inc."
WIKI/POWL,"Powell Industries, Inc."
WIKI/POWI,"Power Integrations, Inc."
WIKI/PSIX,"Power Solutions International, Inc."
WIKI/POWR,"PowerSecure International, Inc"
WIKI/POZN,"Pozen, Inc."
WIKI/QGEN,"Qiagen N.V."
WIKI/PFBC,"Preferred Bank"
WIKI/PLPC,"Preformed Line Products Company"
WIKI/PGI,"Premiere Global Services, Inc."
WIKI/PBH,"Prestige Brand Holdings, Inc."
WIKI/QLIK,"Qlik Technologies Inc."
WIKI/PRGX,"PRGX Global, Inc."
WIKI/PSMT,"PriceSmart, Inc."
WIKI/PRI,"Primerica, Inc."
WIKI/PRA,"ProAssurance Corporation"
WIKI/PKT,"Procera Networks, Inc."
WIKI/PGNX,"Progenics Pharmaceuticals Inc."
WIKI/PRGS,"Progress Software Corporation"
WIKI/PFPT,"Proofpoint, Inc."
WIKI/QUAD,"Quad Graphics, Inc"
WIKI/KKD,"Krispy Kreme Doughnuts, Inc."
WIKI/KRO,"Kronos Worldwide Inc"
WIKI/PSEC,"Prospect Capital Corporation"
WIKI/LLEN,"L&L Energy, Inc."
WIKI/LZB,"La-Z-Boy Incorporated"
WIKI/LTS,"Ladenburg Thalmann Financial Services Inc"
WIKI/LG,"Laclede Group, Inc."
WIKI/LBAI,"Lakeland Bancorp, Inc."
WIKI/LBY,"Libbey, Inc."
WIKI/LKFN,"Lakeland Financial Corporation"
WIKI/LAMR,"Lamar Advertising Company"
WIKI/LANC,"Lancaster Colony Corporation"
WIKI/LNDC,"Landec Corporation"
WIKI/LSTR,"Landstar System, Inc."
WIKI/CALL,"magicJack VocalTec Ltd"
WIKI/LCI,"Lannett Co Inc"
WIKI/LPI,"Laredo Petroleum, Inc."
WIKI/LVS,"Las Vegas Sands Corp."
WIKI/LSCC,"Lattice Semiconductor Corporation"
WIKI/LAYN,"Layne Christensen Company"
WIKI/LCNB,"LCNB Corporation"
WIKI/LF,"Leapfrog Enterprises Inc"
WIKI/LEA,"Lear Corporation"
WIKI/LII,"Lennox International, Inc."
WIKI/LVLT,"Level 3 Communications, Inc."
WIKI/LXRX,"Lexicon Pharmaceuticals, Inc."
WIKI/LXK,"Lexmark International, Inc."
WIKI/LBTYA,"Liberty Global plc"
WIKI/LINTA,"Liberty Interactive Corporation"
WIKI/LMCA,"Liberty Media Corporation"
WIKI/LVNTA,"Liberty Interactive Corporation"
WIKI/LOCK,"LifeLock, Inc."
WIKI/LCUT,"Lifetime Brands, Inc."
WIKI/LFVN,"Lifevantage Corporation"
WIKI/LWAY,"Lifeway Foods, Inc."
WIKI/LGND,"Ligand Pharmaceuticals Incorporated"
WIKI/LMNR,"Limoneira Co"
WIKI/QSII,"Quality Systems, Inc."
WIKI/LINC,"Lincoln Educational Services Corporation"
WIKI/LECO,"Lincoln Electric Holdings, Inc."
WIKI/LNKD,"LinkedIn Corporation"
WIKI/LIOX,"Lionbridge Technologies, Inc."
WIKI/LGF,"Lions Gate Entertainment Corporation"
WIKI/LQDT,"Liquidity Services, Inc."
WIKI/LAD,"Lithia Motors, Inc."
WIKI/LFUS,"Littelfuse, Inc."
WIKI/LYV,"Live Nation Entertainment, Inc."
WIKI/LPSN,"LivePerson, Inc."
WIKI/LKQ,"LKQ Corporation"
WIKI/LMIA,"LMI Aerospace, Inc."
WIKI/LOGM,"LogMein, Inc."
WIKI/LORL,"Loral Space and Communications, Inc."
WIKI/LPX,"Louisiana-Pacific Corporation"
WIKI/LPLA,"LPL Financial Holdings Inc."
WIKI/LXU,"Lsb Industries Inc."
WIKI/LYTS,"LSI Industries Inc."
WIKI/LTXC,"LTX-Credence Corporation"
WIKI/LUB,"Luby's, Inc."
WIKI/LL,"Lumber Liquidators Holdings, Inc"
WIKI/LMNX,"Luminex Corporation"
WIKI/LMOS,"Lumos Networks Corp."
WIKI/LDL,"Lydall, Inc."
WIKI/MHO,"M/I Homes, Inc."
WIKI/MTSI,"M/A-COM Technology Solutions Holdings, Inc."
WIKI/MCBC,"Macatawa Bank Corporation"
WIKI/MSG,"The Madison Square Garden Company"
WIKI/MGLN,"Magellan Health Services, Inc."
WIKI/MHR,"Magnum Hunter Resources Corporation"
WIKI/MHLD,"Maiden Holdings, Ltd."
WIKI/MAIN,"Main Street Capital Corporation"
WIKI/MSFG,"MainSource Financial Group, Inc."
WIKI/MANH,"Manhattan Associates, Inc."
WIKI/MNTX,"Manitex International, Inc."
WIKI/MBI,"MBIA, Inc."
WIKI/MNKD,"MannKind Corporation"
WIKI/MANT,"ManTech International Corporation"
WIKI/MSO,"Martha Stewart Living Omnimedia, Inc."
WIKI/MCS,"Marcus Corporation (The)"
WIKI/MRIN,"Marin Software Incorporated"
WIKI/MPX,"Marine Products Corporation"
WIKI/HZO,"MarineMax, Inc."
WIKI/MKL,"Markel Corporation"
WIKI/MKTX,"MarketAxess Holdings, Inc."
WIKI/MKTO,"Marketo, Inc."
WIKI/MRLN,"Marlin Business Services Corp."
WIKI/MRVL,"Marvell Technology Group Ltd."
WIKI/VAC,"Marriot Vacations Worldwide Corporation"
WIKI/MRTN,"Marten Transport, Ltd."
WIKI/MLM,"Martin Marietta Materials, Inc."
WIKI/MASI,"Masimo Corporation"
WIKI/MTRN,"Materion Corporation"
WIKI/ZQK,"Quiksilver, Inc."
WIKI/MTRX,"Matrix Service Company"
WIKI/MATX,"Matson, Inc."
WIKI/MDSO,"Medidata Solutions, Inc."
WIKI/MATW,"Matthews International Corporation"
WIKI/MFRM,"Mattress Firm Holding Corp."
WIKI/MXIM,"Maxim Integrated Products, Inc."
WIKI/MMS,"Maximus, Inc."
WIKI/MXL,"MaxLinear, Inc"
WIKI/MBFI,"MB Financial Inc."
WIKI/MNI,"McClatchy Company (The)"
WIKI/MGRC,"McGrath RentCorp"
WIKI/MDCA,"MDC Partners Inc."
WIKI/MDC,"M.D.C. Holdings, Inc."
WIKI/MDU,"MDU Resources Group, Inc."
WIKI/MIG,"Meadowbrook Insurance Group, Inc."
WIKI/MEAS,"Measurement Specialties, Inc."
WIKI/MEG,"Media General, Inc."
WIKI/MDCI,"Medical Action Industries Inc."
WIKI/MDCO,"The Medicines Company"
WIKI/MED,"MEDIFAST INC"
WIKI/MW,"Men's Wearhouse, Inc. (The)"
WIKI/MDVN,"Medivation, Inc."
WIKI/MCC,"Medley Capital Corporation"
WIKI/MD,"Mednax, Inc"
WIKI/MEIP,"MEI Pharma, Inc."
WIKI/MENT,"Mentor Graphics Corporation"
WIKI/MBWM,"Mercantile Bank Corporation"
WIKI/MBVT,"Merchants Bancshares, Inc."
WIKI/MCY,"Mercury General Corporation"
WIKI/MRCY,"Mercury Systems Inc"
WIKI/RP,"RealPage, Inc."
WIKI/MDP,"Meredith Corporation"
WIKI/MRGE,"Merge Healthcare Incorporated."
WIKI/VIVO,"Meridian Bioscience Inc."
WIKI/MMSI,"Merit Medical Systems, Inc."
WIKI/MTH,"Meritage Corporation"
WIKI/MTOR,"Meritor, Inc."
WIKI/MODN,"Model N, Inc."
WIKI/QTM,"Quantum Corporation"
WIKI/STR,"Questar Corporation"
WIKI/QCOR,"Questcor Pharmaceuticals, Inc."
WIKI/KWK,"Quicksilver Resources Inc."
WIKI/QDEL,"Quidel Corporation"
WIKI/QNST,"QuinStreet, Inc."
WIKI/Q,"Quintiles Transitional Holdings Inc."
WIKI/RAX,"Rackspace Hosting, Inc"
WIKI/RDN,"Radian Group Inc."
WIKI/SCI,"Service Corporation International"
WIKI/RSH,"Radioshack Corporation"
WIKI/RSYS,"RadiSys Corporation"
WIKI/RMBS,"Rambus, Inc."
WIKI/SSNI,"Silver Spring Networks, Inc."
WIKI/SCTY,"SolarCity Corporation"
WIKI/RJF,"Raymond James Financial, Inc."
WIKI/SFNC,"Simmons First National Corporation"
WIKI/ROLL,"RBC Bearings Incorporated"
WIKI/RLOC,"ReachLocal, Inc."
WIKI/RLD,"RealD Inc"
WIKI/SSD,"Simpson Manufacturing Company, Inc."
WIKI/RNWK,"RealNetworks, Inc."
WIKI/RLGY,"Realogy Holdings Corp."
WIKI/RCPT,"Receptos, Inc."
WIKI/NOW,"ServiceNow, Inc."
WIKI/RRGB,"Red Robin Gourmet Burgers, Inc."
WIKI/RGC,"Regal Entertainment Group"
WIKI/RM,"Regional Management Corp."
WIKI/SBGI,"Sinclair Broadcast Group, Inc."
WIKI/SONS,"Sonus Networks, Inc."
WIKI/BID,"Sotheby's"
WIKI/RGS,"Regis Corporation"
WIKI/RGLS,"Regulus Therapeutics Inc."
WIKI/RGA,"Reinsurance Group of America, Incorporated"
WIKI/REIS,"Reis, Inc"
WIKI/RS,"Reliance Steel & Aluminum Co."
WIKI/RNR,"RenaissanceRe Holdings Ltd."
WIKI/RNST,"Renasant Corporation"
WIKI/REGI,"Renewable Energy Group, Inc."
WIKI/SJI,"South Jersey Industries, Inc."
WIKI/SREV,"ServiceSource International, Inc."
WIKI/SSTK,"Shutterstock, Inc."
WIKI/RCII,"Rent-A-Center Inc."
WIKI/RTK,"Rentech, Inc."
WIKI/SCCO,"Southern Copper Corporation"
WIKI/SKH,"Skilled Healthcare Group, Inc."
WIKI/RENT,"Rentrak Corporation"
WIKI/SKUL,"Skullcandy, Inc."
WIKI/SKYW,"SkyWest, Inc."
WIKI/RGEN,"Repligen Corporation"
WIKI/SWKS,"Skyworks Solutions, Inc."
WIKI/RPRX,"Repros Therapeutics Inc."
WIKI/RJET,"Republic Airways Holdings, Inc."
WIKI/RBCAA,"Republic Bancorp, Inc."
WIKI/SWHC,"Smith & Wesson Holding Corporation"
WIKI/RMD,"ResMed Inc."
WIKI/SBSI,"Southside Bancshares, Inc."
WIKI/REN,"Resolute Energy Corporation"
WIKI/RFP,"Resolute Forest Products Inc."
WIKI/SWX,"Southwest Gas Corporation"
WIKI/REXI,"Resource America, Inc."
WIKI/CODE,"Spansion Inc"
WIKI/RECN,"Resources Connection, Inc."
WIKI/LOV,"Spark Networks, Inc."
WIKI/SPAR,"Spartan Motors, Inc."
WIKI/SPTN,"Spartan Stores, Inc."
WIKI/SPA,"Sparton Corporation"
WIKI/SPNC,"The Spectranetics Corporation"
WIKI/SPB,"Spectrum Brands Holdings, Inc."
WIKI/SWI,"Solarwinds, Inc."
WIKI/RVLT,"Revolution Lighting Technologies, Inc."
WIKI/SZYM,"Solazyme, Inc."
WIKI/SLH,"Solera Holdings, Inc."
WIKI/SAH,"Sonic Automotive, Inc."
WIKI/REX,"REX American Resources Corporation"
WIKI/REXX,"Rex Energy Corporation"
WIKI/RXN,"Rexnord Corporation"
WIKI/RFMD,"RF Micro Devices, Inc."
WIKI/RMTI,"Rockwell Medical, Inc."
WIKI/OKSB,"Southwest Bancorp, Inc."
WIKI/RELL,"Richardson Electronics, Ltd."
WIKI/RIGL,"Rigel Pharmaceuticals, Inc."
WIKI/RNET,"RigNet, Inc."
WIKI/RCKB,"Rockville Financial, Inc."
WIKI/RAD,"Rite Aid Corporation"
WIKI/RVBD,"Riverbed Technology, Inc."
WIKI/RLI,"RLI Corp."
WIKI/SONC,"Sonic Corp."
WIKI/RRTS,"Roadrunner Transportation Systems, Inc"
WIKI/RKT,"Rock-Tenn Company"
WIKI/ROC,"Rockwood Holdings, Inc."
WIKI/SPLK,"Splunk Inc."
WIKI/ROG,"Rogers Corporation"
WIKI/ROL,"Rollins, Inc."
WIKI/ROSE,"Rosetta Resources Inc."
WIKI/RST,"Rosetta Stone"
WIKI/RES,"RPC, Inc."
WIKI/RNDY,"Roundy's, Inc."
WIKI/AOS,"Smith (A.O.) Corporation"
WIKI/ROVI,"Rovi Corporation"
WIKI/RPM,"RPM International Inc."
WIKI/LNCE,"Snyder's-Lance, Inc."
WIKI/RPXC,"RPX Corporation"
WIKI/RTIX,"RTI Surgical, Inc."
WIKI/SIRI,"Sirius XM Holdings Inc."
WIKI/SIRO,"Sirona Dental Systems, Inc."
WIKI/S,"Sprint Corporation"
WIKI/SIX,"Six Flags Entertainment Corporation New"
WIKI/SJW,"SJW Corporation"
WIKI/RTI,"RTI International Metals, Inc."
WIKI/RBCN,"Rubicon Technology, Inc."
WIKI/RTEC,"Rudolph Technologies, Inc."
WIKI/RT,"Ruby Tuesday, Inc."
WIKI/RKUS,"Ruckus Wireless, Inc."
WIKI/STRZA,"Starz"
WIKI/RUSHA,"Rush Enterprises, Inc."
WIKI/SKX,"Skechers U.S.A., Inc."
WIKI/SLRC,"Solar Capital Ltd."
WIKI/SUNS,"Solar Senior Capital Ltd."
WIKI/RYL,"Ryland Group, Inc. (The)"
WIKI/STBA,"S&T Bancorp, Inc."
WIKI/SAFT,"Safety Insurance Group, Inc."
WIKI/SGNT,"Sagent Pharmaceuticals, Inc."
WIKI/SAIA,"Saia, Inc."
WIKI/SHOR,"ShoreTel, Inc."
WIKI/SALM,"Salem Communications Corporation"
WIKI/JBSS,"John B. Sanfilippo & Son, Inc."
WIKI/SLXP,"Salix Pharmaceuticals, Ltd."
WIKI/SBH,"Sally Beauty Holdings, Inc."
WIKI/SN,"Sanchez Energy Corporation"
WIKI/SAFM,"Sanderson Farms, Inc."
WIKI/SD,"Sandridge Energy Inc."
WIKI/SASR,"Sandy Spring Bancorp, Inc."
WIKI/BSRR,"Sierra Bancorp"
WIKI/SHLO,"Shiloh Industries, Inc."
WIKI/SIGA,"SIGA Technologies Inc."
WIKI/SGMO,"Sangamo BioSciences, Inc."
WIKI/SRPT,"Sarepta Therapeutics, Inc."
WIKI/SBAC,"SBA Communications Corporation"
WIKI/SCSC,"ScanSource, Inc."
WIKI/SCBT,"First Financial Holdings, Inc."
WIKI/HSIC,"Henry Schein, Inc."
WIKI/SCHN,"Schnitzer Steel Industries, Inc."
WIKI/SCHL,"Scholastic Corporation"
WIKI/SHLM,"A. Schulman, Inc."
WIKI/SIGM,"Sigma Designs, Inc."
WIKI/SWM,"Schweitzer-Mauduit International, Inc."
WIKI/SCLN,"SciClone Pharmaceuticals, Inc."
WIKI/SGMS,"Scientific Games Corp"
WIKI/SQI,"SciQuest, Inc."
WIKI/STNG,"Scorpio Tankers Inc."
WIKI/SSP,"E.W. Scripps Company (The)"
WIKI/SEB,"Seaboard Corporation"
WIKI/SEAC,"SeaChange International, Inc."
WIKI/SFLY,"Shutterfly, Inc."
WIKI/SBCF,"Seacoast Banking Corporation of Florida"
WIKI/CKH,"SEACOR Holdings, Inc."
WIKI/SDRL,"Seadrill Limited"
WIKI/SHLD,"Sears Holdings Corporation"
WIKI/SHOS,"Sears Hometown and Outlet Stores, Inc."
WIKI/SGEN,"Seattle Genetics, Inc."
WIKI/SEAS,"SeaWorld Entertainment, Inc."
WIKI/SEIC,"SEI Investments Company"
WIKI/SCSS,"Select Comfort Corporation"
WIKI/SEM,"Select Medical Holdings Corporation"
WIKI/SCVL,"Shoe Carnival, Inc."
WIKI/SIGI,"Selective Insurance Group, Inc."
WIKI/SEMG,"Semgroup Corporation"
WIKI/SMTC,"Semtech Corporation"
WIKI/SIG,"Signet Jewelers Limited"
WIKI/SENEA,"Seneca Foods Corp."
WIKI/SXT,"Sensient Technologies Corporation"
WIKI/SQNM,"Sequenom, Inc."
WIKI/SLGN,"Silgan Holdings Inc."
WIKI/QLTY,"Quality Distribution, Inc."
WIKI/NX,"Quanex Building Products Corporation"
WIKI/SGI,"Silicon Graphics International Corp"
WIKI/SSYS,"Stratasys, Ltd."
WIKI/SPF,"Standard Pacific Corp"
WIKI/TMHC,"Taylor Morrison Home Corporation"
WIKI/TCB,"TCF Financial Corporation"
WIKI/SXI,"Standex International Corporation"
WIKI/STSI,"Star Scientific, Inc."
WIKI/STRA,"Strayer Education, Inc."
WIKI/STFC,"State Auto Financial Corporation"
WIKI/STBZ,"State Bank Financial Corporation."
WIKI/SYRG,"Synergy Resources Corporation"
WIKI/SNX,"Synnex Corporation"
WIKI/SNPS,"Synopsys, Inc."
WIKI/TSLA,"Tesla Motors, Inc."
WIKI/SNV,"Synovus Financial Corp."
WIKI/TSRA,"Tessera Technologies, Inc."
WIKI/TTEK,"Tetra Tech, Inc."
WIKI/TTI,"Tetra Technologies, Inc."
WIKI/TTPH,"Tetraphase Pharmaceuticals, Inc."
WIKI/TCBI,"Texas Capital Bancshares, Inc."
WIKI/WEN,"Wendy's Company (The)"
WIKI/TXMD,"TherapeuticsMD, Inc."
WIKI/THRX,"Theravance, Inc."
WIKI/SMRT,"Stein Mart, Inc."
WIKI/RGR,"Sturm, Ruger & Company, Inc."
WIKI/SCM,"Stellus Capital Investment Corporation"
WIKI/STML,"Stemline Therapeutics, Inc."
WIKI/THR,"Thermon Group Holdings, Inc."
WIKI/TCRD,"THL Credit, Inc."
WIKI/STE,"STERIS Corporation"
WIKI/TTGT,"TechTarget, Inc."
WIKI/STRL,"Sterling Construction Company Inc"
WIKI/STSA,"Sterling Financial Corporation"
WIKI/STC,"Stewart Information Services Corporation"
WIKI/SNBC,"Sun Bancorp, Inc."
WIKI/SXC,"SunCoke Energy, Inc."
WIKI/SUNE,"SunEdison, Inc."
WIKI/SNSS,"Sunesis Pharmaceuticals, Inc."
WIKI/SPWR,"SunPower Corporation"
WIKI/SMCI,"Super Micro Computer, Inc."
WIKI/SF,"Stifel Financial Corporation"
WIKI/SUP,"Superior Industries International, Inc."
WIKI/SPRT,"support.com, Inc."
WIKI/SWC,"Stillwater Mining Company"
WIKI/SUSQ,"Susquehanna Bancshares, Inc."
WIKI/SUSS,"Susser Holdings Corporation"
WIKI/SIVB,"SVB Financial Group"
WIKI/SFY,"Swift Energy Company"
WIKI/SPPI,"Spectrum Pharmaceuticals, Inc."
WIKI/SWFT,"Swift Transportation Company"
WIKI/TECUA,"Tecumseh Products Company"
WIKI/SWSH,"Swisher Hygiene, Inc."
WIKI/TNK,"Teekay Tankers Ltd."
WIKI/TRC,"Tejon Ranch Co"
WIKI/TRK,"Speedway Motorsports, Inc."
WIKI/TNAV,"TeleNav, Inc."
WIKI/SPR,"Spirit Aerosystems Holdings, Inc."
WIKI/TDS,"Telephone and Data Systems, Inc."
WIKI/SAVE,"Spirit Airlines, Inc."
WIKI/TTEC,"TeleTech Holdings, Inc."
WIKI/TPX,"Tempur Sealy International, Inc."
WIKI/TNC,"Tennant Company"
WIKI/TEN,"Tenneco Inc."
WIKI/SYNT,"Syntel, Inc."
WIKI/SYUT,"Synutra International, Inc."
WIKI/SPSC,"SPS Commerce, Inc."
WIKI/SWS,"SWS Group, Inc."
WIKI/TER,"Teradyne, Inc."
WIKI/SPW,"SPX Corporation"
WIKI/SSNC,"SS&C Technologies Holdings, Inc."
WIKI/TEX,"Terex Corporation"
WIKI/DATA,"Tableau Software, Inc."
WIKI/TAHO,"Tahoe Resources, Inc."
WIKI/SYKE,"Sykes Enterprises, Incorporated"
WIKI/TMH,"Team Health Holdings, Inc."
WIKI/TISI,"Team, Inc."
WIKI/JOE,"St. Joe Company (The)"
WIKI/SYA,"Symetra Financial Corporation"
WIKI/TECD,"Tech Data Corporation"
WIKI/TECH,"Techne Corporation"
WIKI/TBNK,"Territorial Bancorp Inc."
WIKI/STAA,"STAAR Surgical Company"
WIKI/TSRO,"TESARO, Inc."
WIKI/STMP,"Stamps.com Inc."
WIKI/TTWO,"Take-Two Interactive Software, Inc."
WIKI/TAM,"Taminco Corporation"
WIKI/TNGO,"Tangoe, Inc."
WIKI/SFG,"StanCorp Financial Group, Inc."
WIKI/SMA,"Symmetry Medical Inc"
WIKI/GEVA,"Synageva BioPharma Corp."
WIKI/SNCR,"Synchronoss Technologies, Inc."
WIKI/SGYP,"Synergy Pharmaceuticals, Inc."
WIKI/TASR,"TASER International, Inc."
WIKI/TRGT,"Targacept, Inc."
WIKI/SMP,"Standard Motor Products, Inc."
WIKI/TAYC,"Taylor Capital Group, Inc."
WIKI/TTC,"Toro Company (The)"
WIKI/TOWR,"Tower International, Inc."
WIKI/TZOO,"Travelzoo Inc."
WIKI/TREE,"Tree.com, Inc."
WIKI/TPH,"Tri Pointe Homes, Inc."
WIKI/SUPN,"Supernus Pharmaceuticals, Inc."
WIKI/TXI,"Texas Industries, Inc."
WIKI/TFSL,"TFS Financial Corporation"
WIKI/HSH,"Hillshire Brands Company (The)"
WIKI/THLD,"Threshold Pharmaceuticals, Inc."
WIKI/SNTA,"Synta Pharmaceuticals Corp."
WIKI/TESO,"Tesco Corporation"
WIKI/TCPC,"TCP Capital Corp."
WIKI/AMTD,"TD Ameritrade Holding Corporation"
WIKI/TK,"Teekay Corporation"
WIKI/TWI,"Titan International, Inc."
WIKI/TUES,"Tuesday Morning Corp."
WIKI/TIVO,"TiVo Inc."
WIKI/TMUS,"T-Mobile US, Inc."
WIKI/UIS,"Unisys Corporation"
WIKI/UNT,"Unit Corporation"
WIKI/TUMI,"Tumi Holdings, Inc."
WIKI/TMP,"Tompkins Financial Corporation"
WIKI/TR,"Tootsie Roll Industries, Inc."
WIKI/TRNX,"Tornier N.V."
WIKI/TWGP,"Tower Group International, Ltd."
WIKI/USM,"United States Cellular Corporation"
WIKI/TWER,"Towerstream Corporation"
WIKI/CLUB,"Town Sports International Holdings, Inc."
WIKI/ULTA,"Ulta Salon, Cosmetics & Fragrance, Inc."
WIKI/TOWN,"Towne Bank"
WIKI/TWMC,"Trans World Entertainment Corp."
WIKI/TG,"Tredegar Corporation"
WIKI/ULTI,"The Ultimate Software Group, Inc."
WIKI/UCTT,"Ultra Clean Holdings, Inc."
WIKI/UPL,"Ultra Petroleum Corp."
WIKI/THS,"Treehouse Foods, Inc."
WIKI/TCAP,"Triangle Capital Corporation"
WIKI/TPLM,"Triangle Petroleum Corporation"
WIKI/TWIN,"Twin Disc, Incorporated"
WIKI/UMPQ,"Umpqua Holdings Corporation"
WIKI/TCBK,"TriCo Bancshares"
WIKI/TRS,"TriMas Corporation"
WIKI/TRMB,"Trimble Navigation Limited"
WIKI/TRN,"Trinity Industries, Inc."
WIKI/GTS,"Triple-S Management Corporation"
WIKI/TUP,"Tupperware Brands Corporation"
WIKI/TQNT,"TriQuint Semiconductor, Inc."
WIKI/TSC,"TriState Capital Holdings, Inc."
WIKI/TGI,"Triumph Group, Inc."
WIKI/TBI,"TrueBlue, Inc."
WIKI/TRLA,"Trulia, Inc."
WIKI/TYL,"Tyler Technologies, Inc."
WIKI/TRST,"TrustCo Bank Corp NY"
WIKI/USCR,"U S Concrete, Inc."
WIKI/TRMK,"Trustmark Corporation"
WIKI/TRW,"TRW Automotive Holdings Corporation"
WIKI/TTMI,"TTM Technologies, Inc."
WIKI/USG,"USG Corporation"
WIKI/UNF,"Unifirst Corporation"
WIKI/TPC,"Tutor Perini Corporation"
WIKI/THO,"Thor Industries, Inc."
WIKI/THOR,"Thoratec Corporation"
WIKI/TIBX,"TIBCO Software, Inc."
WIKI/TDW,"Tidewater Inc."
WIKI/TTS,"Tile Shop Hldgs, Inc."
WIKI/TLYS,"Tilly's, Inc."
WIKI/URI,"United Rentals, Inc."
WIKI/TWTC,"tw telecom inc."
WIKI/USAP,"Universal Stainless & Alloy Products, Inc."
WIKI/USMO,"USA Mobility, Inc."
WIKI/UTI,"Universal Technical Institute Inc"
WIKI/UACL,"Universal Truckload Services, Inc."
WIKI/UTMD,"Utah Medical Products, Inc."
WIKI/USPH,"U.S. Physical Therapy, Inc."
WIKI/SLCA,"U.S. Silica Holdings, Inc."
WIKI/UBNT,"Ubiquiti Networks, Inc."
WIKI/UTIW,"UTi Worldwide Inc."
WIKI/USLM,"United States Lime & Minerals, Inc."
WIKI/UVSP,"Univest Corporation of Pennsylvania"
WIKI/UFPT,"UFP Technologies, Inc."
WIKI/UTHR,"United Therapeutics Corporation"
WIKI/VR,"Validus Holdings, Ltd."
WIKI/UIL,"UIL Holdings Corporation"
WIKI/VTG,"Vantage Drilling Company"
WIKI/ULTR,"Ultrapetrol (Bahamas) Limited"
WIKI/UTEK,"Ultratech, Inc."
WIKI/UMBF,"UMB Financial Corporation"
WIKI/UA,"Under Armour, Inc."
WIKI/UNXL,"Uni-Pixel, Inc."
WIKI/UFI,"Unifi, Inc."
WIKI/UNS,"UNS Energy Corporation"
WIKI/VDSI,"VASCO Data Security International, Inc."
WIKI/VASC,"Vascular Solutions, Inc."
WIKI/USNA,"USANA Health Sciences, Inc."
WIKI/USMD,"USMD Holdings, Inc."
WIKI/UNIS,"Unilife Corporation"
WIKI/UBSH,"Union First Market Bankshares Corporation"
WIKI/URG,"Ur Energy Inc"
WIKI/USTR,"United Stationers Inc."
WIKI/UTL,"UNITIL Corporation"
WIKI/UAM,"Universal American Corp."
WIKI/AAPL,"Apple Inc."
WIKI/UVV,"Universal Corporation"
WIKI/OLED,"Universal Display Corporation"
WIKI/UEIC,"Universal Electronics Inc."
WIKI/UBSI,"United Bankshares, Inc."
WIKI/UCFC,"United Community Financial Corp."
WIKI/UFPI,"Universal Forest Products, Inc."
WIKI/UCBI,"United Community Banks, Inc."
WIKI/UAL,"United Continental Holdings, Inc."
WIKI/UBNK,"United Financial Bancorp, Inc."
WIKI/UHS,"Universal Health Services, Inc."
WIKI/UFCS,"United Fire Group, Inc"
WIKI/UNFI,"United Natural Foods, Inc."
WIKI/URS,"URS Corporation"
WIKI/UVE,"UNIVERSAL INSURANCE HOLDINGS INC"
WIKI/UNTD,"United Online, Inc."
WIKI/ECOL,"US Ecology, Inc."
WIKI/WNC,"Wabash National Corporation"
WIKI/VICL,"Vical Incorporated"
WIKI/WBC,"Wabco Holdings Inc."
WIKI/WAB,"Westinghouse Air Brake Technologies Corporation"
WIKI/VICR,"Vicor Corporation"
WIKI/VLGEA,"Village Super Market, Inc."
WIKI/VRNT,"Verint Systems Inc."
WIKI/UEC,"Uranium Energy Corp."
WIKI/VPG,"Vishay Precision Group, Inc."
WIKI/VPRT,"Vistaprint N.V."
WIKI/VECO,"Veeco Instruments Inc."
WIKI/VRSK,"Verisk Analytics, Inc."
WIKI/WRES,"Warren Resources, Inc."
WIKI/WDR,"Waddell & Reed Financial, Inc."
WIKI/WSO,"Watsco, Inc."
WIKI/VC,"Visteon Corporation"
WIKI/VHC,"VirnetX Holding Corp"
WIKI/WAGE,"WageWorks, Inc."
WIKI/VRTS,"Virtus Investment Partners, Inc."
WIKI/VSTM,"Verastem, Inc."
WIKI/PAY,"Verifone Systems, Inc."
WIKI/VMW,"Vmware, Inc."
WIKI/MTN,"Vail Resorts, Inc."
WIKI/VCRA,"Vocera Communications, Inc."
WIKI/VLY,"Valley National Bancorp"
WIKI/VMI,"Valmont Industries, Inc."
WIKI/VOCS,"Vocus, Inc."
WIKI/VAL,"Valspar Corporation (The)"
WIKI/VOXX,"VOXX International Corporation"
WIKI/VVTV,"ValueVision Media, Inc."
WIKI/VRNG,"Vringo, Inc."
WIKI/VSEC,"VSE Corporation"
WIKI/VIAS,"Viasystems Group, Inc."
WIKI/WTI,"W&T Offshore, Inc."
WIKI/VGR,"Vector Group Ltd."
WIKI/VVUS,"VIVUS, Inc."
WIKI/VOLC,"Volcano Corporation"
WIKI/VG,"Vonage Holdings Corp."
WIKI/WBS,"Webster Financial Corporation"
WIKI/WTW,"Weight Watchers International Inc"
WIKI/WCG,"WellCare Health Plans, Inc."
WIKI/WERN,"Werner Enterprises, Inc."
WIKI/WCC,"WESCO International, Inc."
WIKI/WTBA,"West Bancorporation"
WIKI/WSTC,"West Corporation"
WIKI/WD,"Walker & Dunlop, Inc."
WIKI/WMAR,"West Marine, Inc."
WIKI/WSM,"Williams-Sonoma, Inc."
WIKI/WLB,"Westmoreland Coal Company"
WIKI/WLT,"Walter Energy, Inc."
WIKI/WAC,"Walter Investment Management Corp."
WIKI/WABC,"Westamerica Bancorporation"
WIKI/WBCO,"Washington Banking Company"
WIKI/WTS,"Watts Water Technologies, Inc."
WIKI/WAFD,"Washington Federal, Inc."
WIKI/WAL,"Western Alliance Bancorporation"
WIKI/WNR,"Western Refining, Inc."
WIKI/WASH,"Washington Trust Bancorp, Inc."
WIKI/WFD,"Westfield Financial, Inc."
WIKI/WCN,"Waste Connections, Inc."
WIKI/WPP,"Wausau Paper Corp."
WIKI/VPFG,"ViewPoint Financial Group, Inc."
WIKI/WDFC,"WD-40 Company"
WIKI/WSBF,"Waterstone Financial, Inc."
WIKI/WLK,"Westlake Chemical Corporation"
WIKI/WWWW,"Web.com Group, Inc."
WIKI/WBMD,"WebMD Health Corp"
WIKI/VITC,"Vitacost.com, Inc."
WIKI/VSI,"Vitamin Shoppe, Inc"
WIKI/WIBC,"Wilshire Bancorp, Inc."
WIKI/WINA,"Winmark Corporation"
WIKI/WR,"Westar Energy, Inc."
WIKI/WGO,"Winnebago Industries, Inc."
WIKI/WSTL,"Westell Technologies, Inc."
WIKI/WTFC,"Wintrust Financial Corporation"
WIKI/WETF,"WisdomTree Investments, Inc."
WIKI/XNPT,"XenoPort, Inc."
WIKI/XRM,"Xerium Technologies, Inc."
WIKI/XOOM,"Xoom Corporation"
WIKI/WHG,"Westwood Holdings Group Inc"
WIKI/WTSL,"The Wet Seal, Inc."
WIKI/WEX,"WEX Inc."
WIKI/WEYS,"Weyco Group, Inc."
WIKI/XPO,"XPO Logistics, Inc."
WIKI/YELP,"Yelp Inc."
WIKI/YORW,"The York Water Company"
WIKI/YRCW,"YRC Worldwide, Inc."
WIKI/WGL,"WGL Holdings Inc"
WIKI/WWW,"Wolverine World Wide, Inc."
WIKI/INT,"World Fuel Services Corporation"
WIKI/ZLC,"Zale Corporation"
WIKI/WWAV,"Whitewave Foods Company (The)"
WIKI/WTM,"White Mountains Insurance Group, Ltd."
WIKI/WHF,"WhiteHorse Finance, Inc."
WIKI/ZBRA,"Zebra Technologies Corporation"
WIKI/ZLTQ,"ZELTIQ Aesthetics, Inc."
WIKI/WLL,"Whiting Petroleum Corporation"
WIKI/ZEP,"Zep Inc."
WIKI/Z,"Zillow, Inc."
WIKI/ZIOP,"ZIOPHARM Oncology Inc"
WIKI/WDAY,"Workday, Inc."
WIKI/WG,"Willbros Group, Inc."
WIKI/WAIR,"Wesco Aircraft Holdings, Inc."
WIKI/WOR,"Worthington Industries, Inc."
WIKI/ZUMZ,"Zumiez Inc."
WIKI/WLH,"Lyon William Homes"
WIKI/WST,"West Pharmaceutical Services, Inc."
WIKI/CWEI,"Clayton Williams Energy, Inc."
WIKI/WMGI,"Wright Medical Group, Inc."
WIKI/WRLD,"World Acceptance Corporation"
WIKI/WSFS,"WSFS Financial Corporation"
WIKI/XOMA,"XOMA Corporation"
WIKI/YDKN,"Yadkin Financial Corporation"
WIKI/ZAZA,"ZaZa Energy Corporation"
WIKI/ZIXI,"Zix Corporation"
WIKI/ZGNX,"Zogenix, Inc."
WIKI/CLF,"Cliffs Natural Resources Inc."
WIKI/LIFE,"Life Technologies"
WIKI/OFIX,"Orthofix International N.V."
WIKI/PTGI,"PTGi Holding, Inc"
WIKI/SANM,"Sanmina Corporation"
WIKI/TAL,"TAL International Group, Inc."
WIKI/SYX,"Systemax Inc."
WIKI/TDY,"Teledyne Technologies Incorporated"
WIKI/TGH,"Textainer Group Holdings Limited"
WIKI/TESS,"TESSCO Technologies Incorporated"
WIKI/TREX,"Trex Company, Inc."
WIKI/TRI,"Thomson Reuters Corp"
WIKI/TITN,"Titan Machinery Inc."
WIKI/TW,"Towers Watson & Co"
WIKI/TOL,"Toll Brothers Inc."
WIKI/TDG,"Transdigm Group Incorporated"
WIKI/TRR,"TRC Companies, Inc."
WIKI/WOOF,"VCA Antech, Inc."
WIKI/VVC,"Vectren Corporation"
WIKI/WSBC,"WesBanco, Inc."
WIKI/ZNGA,"Zynga Inc."
WIKI/SCMP,"Sucampo Pharmaceuticals, Inc."
WIKI/SRI,"Stoneridge, Inc."
WIKI/BEN,"Franklin Resources, Inc."
WIKI/DVN,"Devon Energy Corporation"
WIKI/JOY,"Joy Global Inc."
WIKI/CHK,"Chesapeake Energy Corporation"
WIKI/CVS,"CVS Corporation"
WIKI/CMCSA,"Comcast Corporation"
WIKI/SNDK,"SanDisk Corporation"
WIKI/COL,"Rockwell Collins, Inc."
WIKI/BHE,"Benchmark Electronics, Inc."
WIKI/BGCP,"BGC Partners, Inc."
WIKI/WRB,"W.R. Berkley Corporation"
WIKI/BHLB,"Berkshire Hills Bancorp, Inc."
WIKI/BIG,"Big Lots, Inc."
WIKI/BCEI,"Bonanza Creek Energy, Inc."
WIKI/BH,"Biglari Holdings Inc."
WIKI/BDSI,"BioDelivery Sciences International, Inc."
WIKI/BMRN,"BioMarin Pharmaceutical Inc."
WIKI/BIOL,"Biolase, Inc."
WIKI/BIO,"Bio-Rad Laboratories, Inc."
WIKI/BRLI,"Bio-Reference Laboratories, Inc."
WIKI/BIOS,"BioScrip, Inc."
WIKI/BJRI,"BJ's Restaurants, Inc."
WIKI/BBOX,"Black Box Corporation"
WIKI/BTX,"BioTime, Inc."
WIKI/BAH,"Booz Allen Hamilton Holding Corporation"
WIKI/BKH,"Black Hills Corporation"
WIKI/HAWK,"Blackhawk Network Holdings, Inc."
WIKI/BLMN,"Bloomin' Brands, Inc."
WIKI/BLKB,"Blackbaud, Inc."
WIKI/BKCC,"BlackRock Kelso Capital Corporation"
WIKI/BLT,"Blount International, Inc."
WIKI/NILE,"Blue Nile, Inc."
WIKI/BCOR,"Blucora, Inc."
WIKI/BXC,"BlueLinx Holdings Inc."
WIKI/BTH,"Blyth, Inc."
WIKI/BNCN,"BNC Bancorp"
WIKI/BODY,"Body Central Corp."
WIKI/BOBE,"Bob Evans Farms, Inc."
WIKI/BOFI,"BofI Holding, Inc."
WIKI/WIFI,"Boingo Wireless, Inc."
WIKI/HNH,"Handy & Harman Ltd."
WIKI/BOLT,"Bolt Technology Corporation"
WIKI/BONT,"The Bon-Ton Stores, Inc."
WIKI/BOKF,"BOK Financial Corporation"
WIKI/SAM,"Boston Beer Company, Inc. (The)"
WIKI/BPFH,"Boston Private Financial Holdings, Inc."
WIKI/EPAY,"Bottomline Technologies, Inc."
WIKI/BDBD,"Boulder Brands, Inc."
WIKI/BYD,"Boyd Gaming Corporation"
WIKI/BPZ,"BPZ Resources, Inc"
WIKI/BBRG,"Bravo Brio Restaurant Group, Inc."
WIKI/BPI,"Bridgepoint Education, Inc."
WIKI/BRC,"Brady Corporation"
WIKI/BBNK,"Bridge Capital Holdings"
WIKI/BDGE,"Bridge Bancorp, Inc."
WIKI/BGG,"Briggs & Stratton Corporation"
WIKI/BCOV,"Brightcove Inc."
WIKI/EAT,"Brinker International, Inc."
WIKI/BCO,"Brink's Company (The)"
WIKI/CARB,"Carbonite, Inc."
WIKI/BRS,"Bristow Group Inc"
WIKI/BR,"Broadridge Financial Solutions, Inc."
WIKI/BRKS,"Brooks Automation, Inc."
WIKI/BRCD,"Brocade Communications Systems, Inc."
WIKI/BSFT,"BroadSoft, Inc."
WIKI/BKD,"Brookdale Senior Living Inc."
WIKI/BRKL,"Brookline Bancorp, Inc."
WIKI/BRKR,"Bruker Corporation"
WIKI/BRO,"Brown & Brown, Inc."
WIKI/BC,"Brunswick Corporation"
WIKI/BKE,"Buckle, Inc. (The)"
WIKI/BWLD,"Buffalo Wild Wings, Inc."
WIKI/BLDR,"Builders FirstSource, Inc."
WIKI/CFFI,"C&F Financial Corporation"
WIKI/BKW,"Burger King Worldwide Inc."
WIKI/BG,"Bunge Limited"
WIKI/CAB,"Cabela's Inc"
WIKI/CCMP,"Cabot Microelectronics Corporation"
WIKI/CBT,"Cabot Corporation"
WIKI/CACI,"CACI International, Inc."
WIKI/CDNS,"Cadence Design Systems, Inc."
WIKI/HERO,"Hercules Offshore, Inc."
WIKI/CZR,"Caesars Entertainment Corporation"
WIKI/CAP,"Cai International, Inc."
WIKI/DVR,"Cal Dive International, Inc."
WIKI/CALM,"Cal-Maine Foods, Inc."
WIKI/CLMS,"Calamos Asset Management, Inc."
WIKI/CVGW,"Calavo Growers, Inc."
WIKI/CAMP,"CalAmp Corp."
WIKI/CCC,"Calgon Carbon Corporation"
WIKI/CFNB,"California First National Bancorp"
WIKI/CWT,"California Water  Service Group Holding"
WIKI/CALX,"Calix, Inc"
WIKI/ELY,"Callaway Golf Company"
WIKI/CPN,"Calpine Corporation"
WIKI/CALD,"Callidus Software, Inc."
WIKI/CBM,"Cambrex Corporation"
WIKI/CAC,"Camden National Corporation"
WIKI/CMN,"Cantel Medical Corp."
WIKI/CSU,"Capital Senior Living Corporation"
WIKI/CPLA,"Capella Education Company"
WIKI/CFFN,"Capitol Federal Financial, Inc."
WIKI/CCBG,"Capital City Bank Group"
WIKI/CSWC,"Capital Southwest Corporation"
WIKI/CPST,"Capstone Turbine Corporation"
WIKI/CRR,"Carbo Ceramics, Inc."
WIKI/CFNL,"Cardinal Financial Corporation"
WIKI/CSII,"Cardiovascular Systems, Inc."
WIKI/CATM,"Cardtronics, Inc."
WIKI/CSL,"Carlisle Companies Incorporated"
WIKI/CKEC,"Carmike Cinemas, Inc."
WIKI/CRS,"Carpenter Technology Corporation"
WIKI/TAST,"Carrols Restaurant Group, Inc."
WIKI/CRZO,"Carrizo Oil & Gas, Inc."
WIKI/CRI,"Carter's, Inc."
WIKI/CASY,"Caseys General Stores, Inc."
WIKI/CACB,"Cascade Bancorp"
WIKI/CWST,"Casella Waste Systems, Inc."
WIKI/CAS,"Castle (A.M.) & Co."
WIKI/CSH,"Cash America International, Inc."
WIKI/CTRX,"Catamaran Corporation"
WIKI/CASS,"Cass Information Systems, Inc"
WIKI/CATY,"Cathay General Bancorp"
WIKI/CATO,"Cato Corporation (The)"
WIKI/CVCO,"Cavco Industries, Inc."
WIKI/CDI,"CDI Corporation"
WIKI/CBEY,"Cbeyond, Inc."
WIKI/CBZ,"CBIZ, Inc."
WIKI/CBOE,"CBOE Holdings, Inc."
WIKI/CECE,"CECO Environmental Corp."
WIKI/CGI,"Celadon Group, Inc."
WIKI/CE,"Celanese Corporation"
WIKI/CTIC,"Cell Therapeutics, Inc."
WIKI/CNC,"Centene Corporation"
WIKI/CSFL,"CenterState Banks, Inc."
WIKI/CNBC,"Center Bancorp, Inc."
WIKI/CETV,"Central European Media Enterprises Ltd."
WIKI/CENTA,"Central Garden & Pet Company"
WIKI/CPF,"CPB Inc."
WIKI/CENX,"Century Aluminum Company"
WIKI/CNBKA,"Century Bancorp, Inc."
WIKI/CVO,"Cenveo Inc"
WIKI/CPHD,"CEPHEID"
WIKI/CERS,"Cerus Corporation"
WIKI/CRL,"Charles River Laboratories International, Inc."
WIKI/ECOM,"ChannelAdvisor Corporation"
WIKI/CEVA,"CEVA, Inc."
WIKI/GTLS,"Chart Industries, Inc."
WIKI/CHE,"Chemed Corp."
WIKI/CHFN,"Charter Financial Corp."
WIKI/CHTR,"Charter Communications, Inc."
WIKI/CCF,"Chase Corporation"
WIKI/CKP,"Checkpoint Systms, Inc."
WIKI/CHEF,"The Chefs' Warehouse, Inc."
WIKI/CAKE,"The Cheesecake Factory Incorporated"
WIKI/CHTP,"Chelsea Therapeutics International, Ltd."
WIKI/CHFC,"Chemical Financial Corporation"
WIKI/CCXI,"ChemoCentryx, Inc."
WIKI/CHMT,"Chemtura Corp."
WIKI/CHMG,"Chemung Financial Corp"
WIKI/LNG,"Cheniere Energy, Inc."
WIKI/CPK,"Chesapeake Utilities Corporation"
WIKI/CBI,"Chicago Bridge & Iron Company N.V."
WIKI/PLCE,"The Children's Place Retail Stores, Inc."
WIKI/CMRX,"Chimerix, Inc."
WIKI/CHH,"Choice Hotels International, Inc."
WIKI/CHDX,"Chindex International, Inc."
WIKI/CQB,"Chiquita Brands International, Inc."
WIKI/CBK,"Christopher & Banks Corporation"
WIKI/CHD,"Church & Dwight Company, Inc."
WIKI/CHDN,"Churchill Downs, Incorporated"
WIKI/CHUY,"Chuy's Holdings, Inc."
WIKI/CIEN,"Ciena Corporation"
WIKI/CRUS,"Cirrus Logic, Inc."
WIKI/CBR,"Ciber, Inc."
WIKI/CIFC,"CIFC Corp."
WIKI/CBB,"Cincinnati Bell Inc"
WIKI/XEC,"Cimarex Energy Co"
WIKI/CIT,"CIT Group Inc (DEL)"
WIKI/CTRN,"Citi Trends, Inc."
WIKI/CZNC,"Citizens & Northern Corp"
WIKI/CIA,"Citizens, Inc."
WIKI/CLC,"CLARCOR Inc."
WIKI/COKE,"Coca-Cola Bottling Co. Consolidated"
WIKI/CHCO,"City Holding Company"
WIKI/CYN,"City National Corporation"
WIKI/CLH,"Clean Harbors, Inc."
WIKI/CCOI,"Cogent Communications Group, Inc."
WIKI/CLNE,"Clean Energy Fuels Corp."
WIKI/CCO,"Clear Channel Outdoor Holdings, Inc."
WIKI/CLW,"Clearwater Paper Corporation"
WIKI/CSBK,"Clifton Bancorp Inc."
WIKI/CLVS,"Clovis Oncology, Inc."
WIKI/CLD,"Cloud Peak Energy Inc"
WIKI/CCNE,"CNB Financial Corporation"
WIKI/CTS,"CTS Corporation"
WIKI/CNA,"CNA Financial Corporation"
WIKI/CNO,"CNO Financial Group, Inc."
WIKI/CIE,"Cobalt International Energy, Inc."
WIKI/COBZ,"CoBiz Financial Inc."
WIKI/CDE,"Coeur Mining, Inc."
WIKI/CNS,"Cohn & Steers Inc"
WIKI/COHR,"Coherent, Inc."
WIKI/CFX,"Colfax Corporation"
WIKI/COHU,"Cohu, Inc."
WIKI/CMCO,"Columbus McKinnon Corporation"
WIKI/COLB,"Columbia Banking System, Inc."
WIKI/FIX,"Comfort Systems USA, Inc."
WIKI/CMC,"Commercial Metals Company"
WIKI/CVGI,"Commercial Vehicle Group, Inc."
WIKI/CBU,"Community Bank System, Inc."
WIKI/CBSH,"Commerce Bancshares, Inc."
WIKI/CVLT,"CommVault Systems, Inc."
WIKI/CMP,"Compass Minerals International, Inc."
WIKI/CTBI,"Community Trust Bancorp, Inc."
WIKI/CPSI,"Computer Programs and Systems, Inc."
WIKI/CPRT,"Copart, Inc."
WIKI/CNSI,"Comverse Inc."
WIKI/SCOR,"comScore, Inc."
WIKI/CTO,"Consolidated-Tomoka Land Co."
WIKI/CXO,"Concho Resources Inc."
WIKI/CVA,"Covanta Holding Corporation"
WIKI/CONN,"Conn's, Inc."
WIKI/CMTL,"Comtech Telecommunications Corp."
WIKI/CNSL,"Consolidated Communications Holdings, Inc."
WIKI/CTWS,"Connecticut Water Service, Inc."
WIKI/CPSS,"Consumer Portfolio Services, Inc."
WIKI/CTCT,"Constant Contact, Inc."
WIKI/MCF,"Contango Oil & Gas Company"
WIKI/CLR,"Continental Resources, Inc."
WIKI/CVG,"Convergys Corporation"
WIKI/CNW,"Con-way Inc."
WIKI/COO,"Cooper Companies, Inc. (The)"
WIKI/CPA,"Copa Holdings, S.A."
WIKI/CORT,"Corcept Therapeutics Incorporated"
WIKI/CORE,"Core-Mark Holding Company, Inc."
WIKI/CLGX,"CoreLogic, Inc."
WIKI/COCO,"Corinthian Colleges, Inc."
WIKI/CSOD,"Cornerstone OnDemand, Inc."
WIKI/CNDO,"Coronado Biosciences, Inc."
WIKI/CEB,"The Corporate Executive Board Company"
WIKI/JKHY,"Jack Henry & Associates, Inc."
WIKI/CSGP,"CoStar Group, Inc."
WIKI/CRAY,"Cray Inc"
WIKI/CRRC,"Courier Corporation"
WIKI/CRAI,"CRA International,Inc."
WIKI/BREW,"Craft Brew Alliance, Inc."
WIKI/CACC,"Credit Acceptance Corporation"
WIKI/CBRL,"Cracker Barrel Old Country Store, Inc."
WIKI/CCRN,"Cross Country Healthcare, Inc."
WIKI/CCK,"Crown Holdings, Inc."
WIKI/CRWN,"Crown Media Holdings, Inc."
WIKI/CSGS,"CSG Systems International, Inc."
WIKI/CMLS,"Cumulus Media Inc."
WIKI/CUNB,"CU Bancorp (CA)"
WIKI/CUB,"Cubic Corporation"
WIKI/CRIS,"Curis, Inc."
WIKI/CBST,"Cubist Pharmaceuticals, Inc."
WIKI/CFI,"Culp, Inc."
WIKI/CUBI,"Customers Bancorp, Inc"
WIKI/CW,"Curtiss-Wright Corporation"
WIKI/CVBF,"CVB Financial Corporation"
WIKI/CYNO,"Cynosure, Inc."
WIKI/CVI,"CVR Energy Inc."
WIKI/CUTR,"Cutera, Inc."
WIKI/CYTX,"Cytori Therapeutics Inc"
WIKI/DJCO,"Daily Journal Corp. (S.C.)"
WIKI/CY,"Cypress Semiconductor Corporation"
WIKI/CYTK,"Cytokinetics, Incorporated"
WIKI/CYT,"Cytec Industries Inc."
WIKI/DAN,"Dana Holding Corporation"
WIKI/DAR,"Darling International Inc."
WIKI/DF,"Dean Foods Company"
WIKI/TRAK,"Dealertrack Technologies, Inc."
WIKI/DWSN,"Dawson Geophysical Company"
WIKI/DECK,"Deckers Outdoor Corporation"
WIKI/DFRG,"Del Frisco's Restaurant Group, Inc."
WIKI/DGAS,"Delta Natural Gas Company, Inc."
WIKI/DEL,"Deltic Timber Corporation"
WIKI/DLX,"Deluxe Corporation"
WIKI/DMD,"Demand Media Inc."
WIKI/DWRE,"DEMANDWARE, INC."
WIKI/DNDN,"Dendreon Corporation"
WIKI/DENN,"Denny's Corporation"
WIKI/DEST,"Destination Maternity Corporation"
WIKI/DSCI,"Derma Sciences, Inc."
WIKI/DXLG,"Destination XL Group, Inc."
WIKI/DXM,"Dex Media, Inc."
WIKI/DXCM,"DexCom, Inc."
WIKI/DMND,"Diamond Foods, Inc."
WIKI/DLLR,"DFC Global Corp"
WIKI/DHIL,"Diamond Hill Investment Group, Inc."
WIKI/FANG,"Diamondback Energy, Inc."
WIKI/DHX,"Dice Holdings, Inc."
WIKI/DKS,"Dick's Sporting Goods Inc"
WIKI/DDS,"Dillard's, Inc."
WIKI/DBD,"Diebold, Incorporated"
WIKI/DMRC,"Digimarc Corporation"
WIKI/DRIV,"Digital River, Inc."
WIKI/DGI,"DigitalGlobe, Inc"
WIKI/DCOM,"Dime Community Bancshares, Inc."
WIKI/DIOD,"Diodes Incorporated"
WIKI/BAGR,"Diversified Restaurant Holdings, Inc."
WIKI/DPZ,"Domino's Pizza Inc"
WIKI/DLB,"Dolby Laboratories"
WIKI/DCI,"Donaldson Company, Inc."
WIKI/UFS,"Domtar Corporation"
WIKI/RRD,"R.R. Donnelley & Sons Company"
WIKI/DGICA,"Donegal Group, Inc."
WIKI/DRL,"Doral Financial Corporation"
WIKI/DORM,"Dorman Products, Inc."
WIKI/PLOW,"Douglas Dynamics, Inc."
WIKI/DRC,"Dresser-Rand Group Inc."
WIKI/DW,"Drew Industries Incorporated"
WIKI/DSPG,"DSP Group, Inc."
WIKI/DRQ,"Dril-Quip, Inc."
WIKI/DST,"DST Systems, Inc."
WIKI/DNKN,"Dunkin' Brands Group, Inc."
WIKI/DCO,"Ducommun Incorporated"
WIKI/DTSI,"DTS, Inc."
WIKI/DYAX,"Dyax Corp."
WIKI/DVAX,"Dynavax Technologies Corporation"
WIKI/DYN,"Dynegy Inc."
WIKI/ESC,"Emeritus Corporation"
WIKI/BOOM,"Dynamic Materials Corporation"
WIKI/EXP,"Eagle Materials Inc"
WIKI/EGBN,"Eagle Bancorp, Inc."
WIKI/ELNK,"EarthLink Holdings Corp."
WIKI/EV,"Eaton Vance Corporation"
WIKI/EBIX,"Ebix, Inc."
WIKI/EDMC,"Education Management Corporation"
WIKI/EGAN,"eGain Corporation"
WIKI/EHTH,"eHealth, Inc."
WIKI/BAGL,"Einstein Noah Restaurant Group, Inc."
WIKI/EE,"El Paso Electric Company"
WIKI/ELRC,"Electro Rent Corporation"
WIKI/ESIO,"Electro Scientific Industries, Inc."
WIKI/EFII,"Electronics for Imaging, Inc."
WIKI/ELLI,"Ellie Mae, Inc."
WIKI/EMCI,"EMC Insurance Group Inc."
WIKI/EME,"EMCOR Group, Inc."
WIKI/EOX,"Emerald Oil, Inc."
WIKI/EBS,"Emergent Biosolutions, Inc."
WIKI/EDE,"Empire District Electric Company (The)"
WIKI/ENTA,"Enanta Pharmaceuticals, Inc."
WIKI/END,"Endeavor International Corporation"
WIKI/ECPG,"Encore Capital Group Inc"
WIKI/ENDP,"Endo International plc"
WIKI/WIRE,"Encore Wire Corporation"
WIKI/ENH,"Endurance Specialty Holdings Ltd"
WIKI/ELGX,"Endologix, Inc."
WIKI/ENOC,"EnerNOC, Inc."
WIKI/EXXI,"Energy XXI (Bermuda) Limited"
WIKI/EGN,"Energen Corporation"
WIKI/ENPH,"Enphase Energy, Inc."
WIKI/EGL,"Engility Holdings, Inc."
WIKI/NPO,"Enpro Industries"
WIKI/ENSG,"The Ensign Group, Inc."
WIKI/ESGR,"Enstar Group Limited"
WIKI/EBTC,"Enterprise Bancorp Inc"
WIKI/ENTG,"Entegris, Inc."
WIKI/ETM,"Entercom Communications Corporation"
WIKI/EVC,"Entravision Communications Corporation"
WIKI/EFSC,"Enterprise Financial Services Corporation"
WIKI/ENV,"Envestnet, Inc"
WIKI/ENTR,"Entropic Communications, Inc."
WIKI/EPAM,"EPAM Systems, Inc."
WIKI/EPZM,"Epizyme, Inc."
WIKI/EPIQ,"EPIQ Systems, Inc."
WIKI/EPL,"EPL Oil & Gas, Inc."
WIKI/PLUS,"ePlus inc."
WIKI/EQU,"Equal Energy Ltd."
WIKI/ERA,"Era Group, Inc."
WIKI/EQIX,"Equinix, Inc."
WIKI/ERIE,"Erie Indemnity Company"
WIKI/EAC,"Erickson Incorporated"
WIKI/ESBF,"ESB Financial Corporation"
WIKI/EXEL,"Exelixis, Inc."
WIKI/ESSA,"ESSA Bancorp, Inc."
WIKI/ESE,"ESCO Technologies Inc."
WIKI/ETH,"Ethan Allen Interiors Inc."
WIKI/EVR,"Evercore Partners Inc"
WIKI/EVER,"EverBank Financial Corp."
WIKI/EEFT,"Euronet Worldwide, Inc."
WIKI/EVRY,"EveryWare Global, Inc."
WIKI/EVTC,"Evertec, Inc."
WIKI/RE,"Everest Re Group, Ltd."
WIKI/EPM,"Evolution Petroleum Corporation, Inc."
WIKI/EXAR,"Exar Corporation"
WIKI/EXAC,"Exactech, Inc."
WIKI/EXAM,"ExamWorks Group, Inc."
WIKI/EXLS,"ExlService Holdings, Inc."
WIKI/XCO,"EXCO Resources NL"
WIKI/XLS,"Exelis Inc."
WIKI/XONE,"The ExOne Company"
WIKI/FWM,"Fairway Group Holdings Corp."
WIKI/EXPR,"Express, Inc."
WIKI/EXPO,"Exponent, Inc."
WIKI/EXH,"Exterran Holdings, Inc."
WIKI/FN,"Fabrinet"
WIKI/EZPW,"EZCORP, Inc."
WIKI/LION,"Fidelity Southern Corporation"
WIKI/FDS,"FactSet Research Systems Inc."
WIKI/FICO,"Fair Isaac Corporation"
WIKI/FCS,"Fairchild Semiconductor International, Inc."
WIKI/FFKT,"Farmers Capital Bank Corporation"
WIKI/FRP,"FairPoint Communications, Inc."
WIKI/FARO,"FARO Technologies, Inc."
WIKI/FARM,"Farmer Brothers Company"
WIKI/FFG,"FBL Financial Group, Inc."
WIKI/FBRC,"FBR & Co"
WIKI/FDML,"Federal-Mogul Holdings Corporation"
WIKI/AGM,"Federal Agricultural Mortgage Corporation"
WIKI/FII,"Federated Investors, Inc."
WIKI/FEIC,"FEI Company"
WIKI/FSS,"Federal Signal Corporation"
WIKI/FOE,"Ferro Corporation"
WIKI/FCSC,"Fibrocell Science Inc"
WIKI/FNF,"Fidelity National Financial, Inc."
WIKI/FDUS,"Fidus Investment Corporation"
WIKI/FHN,"First Horizon National Corporation"
WIKI/FSC,"Fifth Street Finance Corp."
WIKI/FRGI,"Fiesta Restaurant Group, Inc."
WIKI/FNGN,"Financial Engines, Inc."
WIKI/FISI,"Financial Institutions, Inc."
WIKI/FAF,"First American Corporation (The)"
WIKI/FBNC,"First Bancorp"
WIKI/FINL,"The Finish Line, Inc."
WIKI/FNLC,"First Bancorp, Inc (ME)"
WIKI/FBP,"First BanCorp."
WIKI/FCNCA,"First Citizens BancShares, Inc."
WIKI/FCF,"First Commonwealth Financial Corporation"
WIKI/FBNK,"First Connecticut Bancorp, Inc."
WIKI/FCBC,"First Community Bancshares, Inc."
WIKI/FDEF,"First Defiance Financial Corp."
WIKI/FFBH,"First Federal Bancshares of Arkansas, Inc."
WIKI/THFF,"First Financial Corporation Indiana"
WIKI/FFNW,"First Financial Northwest, Inc."
WIKI/FIBK,"First Interstate BancSystem, Inc."
WIKI/FRME,"First Merchants Corporation"
WIKI/FLIC,"The First of Long Island Corporation"
WIKI/FMD,"First Marblehead Corporation (The)"
WIKI/FMBI,"First Midwest Bancorp, Inc."
WIKI/NBCB,"First NBC Bank Holding Company"
WIKI/FNFG,"First Niagara Financial Group Inc."
WIKI/FRC,"FIRST REPUBLIC BANK"
WIKI/HCCI,"Heritage-Crystal Clean, Inc."
WIKI/BANC,"Banc of California, Inc."
WIKI/FSGI,"First Security Group, Inc."
WIKI/SVVC,"Firsthand Technology Value Fund, Inc."
WIKI/FLT,"FleetCor Technologies, Inc."
WIKI/FMER,"FirstMerit Corporation"
WIKI/FIVE,"Five Below, Inc."
WIKI/FLTX,"Fleetmatics Group PLC"
WIKI/FLO,"Flowers Foods, Inc."
WIKI/FLDM,"Fluidigm Corporation"
WIKI/FNB,"F.N.B. Corporation"
WIKI/FL,"Foot Locker, Inc."
WIKI/FST,"Forest Oil Corporation"
WIKI/FOR,"Forestar Group Inc"
WIKI/FORR,"Forrester Research, Inc."
WIKI/FORM,"FormFactor, Inc."
WIKI/FWRD,"Forward Air Corporation"
WIKI/FBHS,"Fortune Brands Home & Security, Inc."
WIKI/FET,"Forum Energy Technologies, Inc."
WIKI/FXCB,"Fox Chase Bancorp, Inc."
WIKI/FSTR,"L.B. Foster Company"
WIKI/FRAN,"Francesca's Holdings Corporation"
WIKI/FELE,"Franklin Electric Co., Inc."
WIKI/FC,"Franklin Covey Company"
WIKI/FRNK,"Franklin Financial Corporation"
WIKI/FSL,"Freescale Semiconductor, Ltd."
WIKI/FDP,"Fresh Del Monte Produce, Inc."
WIKI/RAIL,"Freightcar America, Inc."
WIKI/TFM,"The Fresh Market, Inc."
WIKI/FRO,"Frontline Ltd."
WIKI/FCN,"FTI Consulting, Inc."
WIKI/FSYS,"Fuel Systems Solutions, Inc."
WIKI/FCEL,"FuelCell Energy, Inc."
WIKI/FUL,"H. B. Fuller Company"
WIKI/GARS,"Garrison Capital Inc."
WIKI/FURX,"Furiex Pharmaceuticals, Inc."
WIKI/FF,"FutureFuel Corp."
WIKI/FXCM,"FXCM Inc."
WIKI/GCAP,"GAIN Capital Holdings, Inc."
WIKI/GALE,"Galena Biopharma, Inc."
WIKI/GK,"G&K Services, Inc."
WIKI/GBL,"Gamco Investors, Inc."
WIKI/AJG,"Arthur J. Gallagher & Co."
WIKI/ROCK,"Gibraltar Industries, Inc."
WIKI/GLOG,"GasLog Ltd."
WIKI/GST,"Gastar Exploration Inc."
WIKI/IT,"Gartner, Inc."
WIKI/GMT,"GATX Corporation"
WIKI/GNRC,"Generac Holdlings Inc."
WIKI/GY,"GenCorp Inc."
WIKI/GMO,"General Moly, Inc"
WIKI/GNMK,"GenMark Diagnostics, Inc."
WIKI/GCO,"Genesco Inc."
WIKI/GWR,"Genesee & Wyoming, Inc."
WIKI/GHDX,"Genomic Health, Inc."
WIKI/GBLI,"Global Indemnity plc"
WIKI/G,"Genpact Limited"
WIKI/HASI,"Hannon Armstrong Sustainable Infrastructure Capital, Inc."
WIKI/GNTX,"Gentex Corporation"
WIKI/THRM,"Gentherm Inc"
WIKI/GTIV,"Gentiva Health Services, Inc."
WIKI/GABC,"German American Bancorp, Inc."
WIKI/GFIG,"GFI Group Inc."
WIKI/GIII,"G-III Apparel Group, LTD."
WIKI/GLAD,"Gladstone Capital Corporation"
WIKI/GAIN,"Gladstone Investment Corporation"
WIKI/HDNG,"Hardinge, Inc."
WIKI/GXP,"Great Plains Energy Inc"
WIKI/BRSS,"Global Brass and Copper Holdings, Inc."
WIKI/ENT,"Global Eagle Entertainment Inc."
WIKI/GCA,"Global Cash Access Holdings, Inc."
WIKI/GLT,"Glatfelter"
WIKI/HLIT,"Harmonic Inc."
WIKI/GLPW,"Global Power Equipment Group Inc"
WIKI/GMED,"Globus Medical, Inc."
WIKI/HHS,"Harte-Hanks, Inc."
WIKI/HE,"Hawaiian Electric Industries, Inc."
WIKI/GSM,"Globe Specialty Metals Inc."
WIKI/GNC,"GNC Holdings, Inc."
WIKI/GLNG,"Golar LNG Limited"
WIKI/GORO,"Gold Resource Corporation"
WIKI/GBDC,"Golub Capital BDC, Inc."
WIKI/GMAN,"Gordmans Stores, Inc."
WIKI/GDP,"Goodrich Petroleum Corporation"
WIKI/GDOT,"Green Dot Corporation"
WIKI/GRC,"Gorman-Rupp Company (The)"
WIKI/GPX,"GP Strategies Corporation"
WIKI/GRA,"W.R. Grace & Co."
WIKI/GTI,"GrafTech International Ltd"
WIKI/LOPE,"Grand Canyon Education, Inc."
WIKI/GVA,"Granite Construction Incorporated"
WIKI/GSBC,"Great Southern Bancorp, Inc."
WIKI/GB,"Greatbatch, Inc."
WIKI/GTN,"Gray Television, Inc."
WIKI/GLDD,"Great Lakes Dredge & Dock Corporation"
WIKI/GPK,"Graphic Packaging Holding Company"
WIKI/HA,"Hawaiian Holdings, Inc."
WIKI/HAYN,"Haynes International, Inc."
WIKI/HWKN,"Hawkins, Inc."
WIKI/HCI,"HCI Group, Inc."
WIKI/HCC,"HCC Insurance Holdings, Inc."
WIKI/HIIQ,"Health Insurance Innovations, Inc."
WIKI/HWAY,"Healthways, Inc."
WIKI/HL,"Hecla Mining Company"
WIKI/HEI,"Heico Corporation"
WIKI/GTAT,"GT Advanced Technologies, Inc."
WIKI/GBNK,"Guaranty Bancorp"
WIKI/GUID,"Guidance Software, Inc."
WIKI/HCKT,"The Hackett Group, Inc."
WIKI/HK,"Halcon Resources Corporation"
WIKI/GLRE,"Greenlight Reinsurance, Ltd."
WIKI/GHL,"Greenhill & Co., Inc."
WIKI/FLWS,"1-800 FLOWERS.COM, Inc."
WIKI/FUBC,"1st United Bancorp, Inc. (FL)"
WIKI/SRCE,"1st Source Corporation"
WIKI/EGHT,"8x8 Inc"
WIKI/AVHI,"A V Homes, Inc."
WIKI/ACCO,"Acco Brands Corporation"
WIKI/DDD,"3D Systems Corporation"
WIKI/AHC,"A.H. Belo Corporation"
WIKI/AAON,"AAON, Inc."
WIKI/AIR,"AAR Corp."
WIKI/ANF,"Abercrombie & Fitch Company"
WIKI/AAN,"Aaron's,  Inc."
WIKI/ABAX,"ABAXIS, Inc."
WIKI/ABM,"ABM Industries Incorporated"
WIKI/ABMD,"ABIOMED, Inc."
WIKI/AXAS,"Abraxas Petroleum Corporation"
WIKI/ACTG,"Acacia Research Corporation"
WIKI/ACHC,"Acadia Healthcare Company, Inc."
WIKI/ANCX,"Access National Corporation"
WIKI/ACAD,"ACADIA Pharmaceuticals Inc."
WIKI/ARAY,"Accuray Incorporated"
WIKI/ACCL,"Accelrys, Inc."
WIKI/AXDX,"Accelerate Diagnostics, Inc."
WIKI/ACRX,"AcelRx Pharmaceuticals, Inc."
WIKI/ACIW,"ACI Worldwide, Inc."
WIKI/ACW,"Accuride Corporation New"
WIKI/ACET,"Aceto Corporation"
WIKI/ACOR,"Acorda Therapeutics, Inc."
WIKI/BIRT,"Actuate Corporation"
WIKI/ACFN,"Acorn Energy, Inc."
WIKI/ATU,"Actuant Corporation"
WIKI/AEGR,"Aegerion Pharmaceuticals, Inc."
WIKI/AE,"Adams Resources & Energy, Inc."
WIKI/ADTN,"ADTRAN, Inc."
WIKI/AYI,"Acuity Brands Inc"
WIKI/ATVI,"Activision Blizzard, Inc"
WIKI/ACXM,"Acxiom Corporation"
WIKI/ADES,"Advanced Emissions Solutions, Inc."
WIKI/ADUS,"Addus HomeCare Corporation"
WIKI/AMD,"Advanced Micro Devices, Inc."
WIKI/AAP,"Advance Auto Parts Inc"
WIKI/AEIS,"Advanced Energy Industries, Inc."
WIKI/AEGN,"Aegion Corp"
WIKI/ADVS,"Advent Software, Inc."
WIKI/ABCO,"The Advisory Board Company"
WIKI/AFFX,"Affymetrix, Inc."
WIKI/AGYS,"Agilysys, Inc."
WIKI/ARX,"Aeroflex Holding Corp."
WIKI/ARO,"Aeropostale Inc"
WIKI/AEPI,"AEP Industries Inc."
WIKI/AVAV,"AeroVironment, Inc."
WIKI/AGCO,"AGCO Corporation"
WIKI/AL,"Air Lease Corporation"
WIKI/AMG,"Affiliated Managers Group, Inc."
WIKI/AYR,"Aircastle Limited"
WIKI/AKS,"AK Steel Holding Corporation"
WIKI/ATSG,"Air Transport Services Group, Inc"
WIKI/AIRM,"Air Methods Corporation"
WIKI/ALG,"Alamo Group, Inc."
WIKI/ALB,"Albemarle Corporation"
WIKI/AKRX,"Akorn, Inc."
WIKI/AIN,"Albany International Corporation"
WIKI/ALK,"Alaska Air Group, Inc."
WIKI/ALGN,"Align Technology, Inc."
WIKI/AMRI,"Albany Molecular Research, Inc."
WIKI/ALKS,"Alkermes plc"
WIKI/GRIF,"Griffin Land & Nurseries, Inc."
WIKI/ALR,"Alere Inc."
WIKI/ALEX,"Alexander & Baldwin Holdings, Inc."
WIKI/ALCO,"Alico, Inc."
WIKI/ALIM,"Alimera Sciences, Inc."
WIKI/Y,"Alleghany Corporation"
WIKI/ALGT,"Allegiant Travel Company"
WIKI/ALE,"Allete, Inc."
WIKI/AFOP,"Alliance Fiber Optic Products, Inc."
WIKI/AIQ,"Alliance HealthCare Services, Inc."
WIKI/AOI,"Alliance One International, Inc."
WIKI/ATK,"Alliant Techsystems Inc."
WIKI/AOSL,"Alpha and Omega Semiconductor Limited"
WIKI/LNT,"Alliant Energy Corporation"
WIKI/ANV,"Allied Nevada Gold Corp."
WIKI/AWH,"Allied World Assurance Company Holdings, AG"
WIKI/ALSN,"Allison Transmission Holdings, Inc."
WIKI/AFAM,"Almost Family Inc"
WIKI/MDRX,"Allscripts Healthcare Solutions, Inc."
WIKI/ALNY,"Alnylam Pharmaceuticals, Inc."
WIKI/ALJ,"Alon USA Energy, Inc."
WIKI/ANR,"Alpha Natural Resources, inc."
WIKI/UHAL,"Amerco"
WIKI/ATEC,"Alphatec Holdings, Inc."
WIKI/RESI,"Altisource Residential Corporation"
WIKI/AIMC,"Altra Industrial Motion Corp."
WIKI/AMBC,"Ambac Financial Group, Inc."
WIKI/AMAG,"AMAG Pharmaceuticals, Inc."
WIKI/AMBA,"Ambarella, Inc."
WIKI/AMCX,"AMC Networks Inc."
WIKI/ACO,"Amcol International Corporation"
WIKI/AMED,"Amedisys Inc"
WIKI/DOX,"Amdocs Limited"
WIKI/APEI,"American Public Education, Inc."
WIKI/AMRC,"Ameresco, Inc."
WIKI/AXL,"American Axle & Manufacturing Holdings, Inc."
WIKI/ASEI,"American Science and Engineering, Inc."
WIKI/APP,"American Apparel Inc"
WIKI/AEO,"American Eagle Outfitters, Inc."
WIKI/ARII,"American Railcar Industries, Inc."
WIKI/AFG,"American Financial Group, Inc."
WIKI/ACAS,"American Capital, Ltd."
WIKI/AMNB,"American National Bankshares, Inc."
WIKI/ANAT,"American National Insurance Company"
WIKI/ATLO,"Ames National Corporation"
WIKI/AMSWA,"American Software, Inc."
WIKI/AWR,"American States Water Company"
WIKI/AWK,"American Water Works"
WIKI/AVD,"American Vanguard Corporation"
WIKI/CRMT,"America's Car-Mart, Inc."
WIKI/AMWD,"American Woodmark Corporation"
WIKI/ABCB,"Ameris Bancorp"
WIKI/FOLD,"Amicus Therapeutics, Inc."
WIKI/AP,"Ampco-Pittsburgh Corporation"
WIKI/AMSF,"AMERISAFE, Inc."
WIKI/AMKR,"Amkor Technology, Inc."
WIKI/AMPE,"Ampio Pharmaceuticals, Inc."
WIKI/AHS,"AMN Healthcare Services Inc"
WIKI/AMSG,"Amsurg Corp."
WIKI/AFSI,"AmTrust Financial Services, Inc."
WIKI/ANDE,"The Andersons, Inc."
WIKI/ANAC,"Anacor Pharmaceuticals, Inc."
WIKI/AMRS,"Amyris, Inc."
WIKI/ANGI,"Angie's List, Inc."
WIKI/ANAD,"ANADIGICS, Inc."
WIKI/ANIK,"Anika Therapeutics Inc."
WIKI/ANGO,"AngioDynamics, Inc."
WIKI/AXE,"Anixter International Inc."
WIKI/ATRS,"Antares Pharma, Inc."
WIKI/BNNY,"Annie's, Inc."
WIKI/ANSS,"ANSYS, Inc."
WIKI/APOG,"Apogee Enterprises, Inc."
WIKI/ANN,"ANN INC."
WIKI/APAGF,"Apco Oil and Gas International Inc."
WIKI/AOL,"AOL Inc."
WIKI/ATNY,"API Technologies Corp."
WIKI/APOL,"Apollo Education Group, Inc."
WIKI/AMCC,"Applied Micro Circuits Corporation"
WIKI/ACI,"Arch Coal, Inc."
WIKI/ATR,"AptarGroup, Inc."
WIKI/AIT,"Applied Industrial Technologies, Inc."
WIKI/AINV,"Apollo Investment Corporation"
WIKI/AREX,"Approach Resources Inc."
WIKI/WTR,"Aqua America, Inc."
WIKI/ARSD,"Arabian American Development Company"
WIKI/ARC,"ARC Document Solutions, Inc."
WIKI/ACGL,"Arch Capital Group Ltd."
WIKI/ACAT,"Arctic Cat Inc."
WIKI/AGX,"Argan, Inc."
WIKI/ARNA,"Arena Pharmaceuticals, Inc."
WIKI/ABFS,"Arkansas Best Corporation"
WIKI/AI,"Arlington Asset Investment Corp"
WIKI/ARCC,"Ares Capital Corporation"
WIKI/AWI,"Armstrong World Industries Inc"
WIKI/AGII,"Argo Group International Holdings, Ltd."
WIKI/ARQL,"ArQule, Inc."
WIKI/ARIA,"ARIAD Pharmaceuticals, Inc."
WIKI/ARRS,"ARRIS Group, Inc."
WIKI/AROW,"Arrow Financial Corporation"
WIKI/ARRY,"Array BioPharma Inc."
WIKI/ARW,"Arrow Electronics, Inc."
WIKI/APAM,"Artisan Partners Asset Management Inc."
WIKI/ASCMA,"Ascent Capital Group, Inc."
WIKI/ARTC,"ArthroCare Corporation"
WIKI/ARTNA,"Artesian Resources Corporation"
WIKI/ARUN,"Aruba Networks, Inc."
WIKI/ABG,"Asbury Automotive Group Inc"
WIKI/ASNA,"Ascena Retail Group, Inc."
WIKI/ASBC,"Associated Banc-Corp"
WIKI/AHL,"Aspen Insurance Holdings Limited"
WIKI/ASH,"Ashland Inc."
WIKI/AGO,"Assured Guaranty Ltd."
WIKI/AZPN,"Aspen Technology, Inc."
WIKI/ASTE,"Astec Industries, Inc."
WIKI/ATHN,"athenahealth, Inc."
WIKI/ATRO,"Astronics Corporation"
WIKI/AF,"Astoria Financial Corporation"
WIKI/AT,"Atlantic Power Corporation"
WIKI/ATML,"Atmel Corporation"
WIKI/ATNI,"Atlantic Tele-Network, Inc."
WIKI/AAWW,"Atlas Air Worldwide Holdings"
WIKI/ATO,"Atmos Energy Corporation"
WIKI/ATRC,"AtriCure, Inc."
WIKI/ADNC,"Audience, Inc."
WIKI/ATRI,"ATRION Corporation"
WIKI/AVEO,"AVEO Pharmaceuticals, Inc."
WIKI/AVGO,"Avago Technologies Limited"
WIKI/AVNR,"Avanir Pharmaceuticals, Inc."
WIKI/AVNW,"Aviat Networks, Inc."
WIKI/CAR,"Avis Budget Group, Inc."
WIKI/AVG,"AVG Technologies N.V."
WIKI/AVID,"Avid Technology, Inc."
WIKI/ACLS,"Axcelis Technologies, Inc."
WIKI/AVT,"Avnet, Inc."
WIKI/AXLL,"Axiall Corporation"
WIKI/AVX,"AVX Corporation"
WIKI/BGS,"B&G Foods, Inc."
WIKI/AXS,"Axis Capital Holdings Limited"
WIKI/AZZ,"AZZ Incorporated"
WIKI/BWC,"Babcock & Wilcox Company (The)"
WIKI/BCPC,"Balchem Corporation"
WIKI/BMI,"Badger Meter, Inc."
WIKI/BWINB,"Baldwin & Lyons, Inc."
WIKI/BYI,"Bally Technologies, Inc."
WIKI/BANF,"BancFirst Corporation"
WIKI/BLX,"Banco Latinoamericano de Comercio Exterior, S.A."
WIKI/TBBK,"The Bancorp, Inc."
WIKI/BKYF,"The Bank of Kentucky Financial Corp."
WIKI/BXS,"BancorpSouth, Inc."
WIKI/BKMU,"Bank Mutual Corporation"
WIKI/BKU,"BankUnited, Inc."
WIKI/BOH,"Bank of Hawaii Corporation"
WIKI/BMRC,"Bank of Marin Bancorp"
WIKI/OZRK,"Bank of the Ozarks"
WIKI/BFIN,"BankFinancial Corporation"
WIKI/RATE,"Bankrate, Inc."
WIKI/BKS,"Barnes & Noble, Inc."
WIKI/BANR,"Banner Corporation"
WIKI/BHB,"Bar Harbor Bankshares, Inc."
WIKI/BDE,"Black Diamond, Inc."
WIKI/B,"Barnes Group, Inc."
WIKI/DFZ,"R.G. Barry Corporation"
WIKI/BAS,"Basic Energy Services, Inc."
WIKI/BV,"Bazaarvoice, Inc."
WIKI/BBCN,"BBCN Bancorp, Inc."
WIKI/BBX,"BBX Capital Corporation"
WIKI/BECN,"Beacon Roofing Supply, Inc."
WIKI/BEAV,"B/E Aerospace, Inc."
WIKI/BBGI,"Beasley Broadcast Group, Inc."
WIKI/BZH,"Beazer Homes USA, Inc."
WIKI/BBG,"Bill Barrett Corporation"
WIKI/BDC,"Belden Inc"
WIKI/BEBE,"bebe stores, inc."
WIKI/BNCL,"Beneficial Mutual Bancorp, Inc."
WIKI/BERY,"BPC Acquisition Corp"
WIKI/BELFB,"Bel Fuse Inc."
WIKI/BGFV,"Big 5 Sporting Goods Corporation"
WIKI/GPRE,"Green Plains Renewable Energy, Inc."
WIKI/GBX,"Greenbrier Companies, Inc. (The)"
WIKI/GSVC,"GSV Capital Corp"
WIKI/GRPN,"Groupon, Inc."
WIKI/GPI,"Group 1 Automotive, Inc."
WIKI/GFF,"Griffon Corporation"
WIKI/GSIT,"GSI Technology, Inc."
WIKI/GSIG,"GSI Group, Inc."
WIKI/GTXI,"GTx, Inc."
WIKI/GWRE,"Guidewire Software, Inc."
WIKI/GES,"Guess?, Inc."
WIKI/GIFI,"Gulf Island Fabrication, Inc."
WIKI/GLF,"GulfMark Offshore, Inc."
WIKI/GPOR,"Gulfport Energy Corporation"
WIKI/HEES,"H&E Equipment Services, Inc."
WIKI/HAE,"Haemonetics Corporation"
WIKI/HAIN,"The Hain Celestial Group, Inc."
WIKI/HBIO,"Harvard Bioscience, Inc."
WIKI/HNRG,"Hallador Energy Company"
WIKI/HALL,"Hallmark Financial Services, Inc."
WIKI/HMPR,"Hampton Roads Bankshares Inc"
WIKI/HBI,"Hanesbrands Inc."
WIKI/HBHC,"Hancock Holding Company"
WIKI/HGR,"Hanger, Inc."
WIKI/HAFC,"Hanmi Financial Corporation"
WIKI/THG,"The Hanover Insurance Group, Inc."
WIKI/HRG,"Harbinger Group Inc"
WIKI/HSC,"Harsco Corporation"
WIKI/HVT,"Haverty Furniture Companies, Inc."
WIKI/HCOM,"Hawaiian Telcom Holdco, Inc."
WIKI/HCA,"HCA Holdings, Inc."
WIKI/HW,"Headwaters Incorporated"
WIKI/HCSG,"Healthcare Services Group, Inc."
WIKI/HSTM,"HealthStream, Inc."
WIKI/HTLD,"Heartland Express, Inc."
WIKI/HTLF,"Heartland Financial USA, Inc."
WIKI/HTWR,"Heartware International, Inc."
WIKI/HPY,"Heartland Payment Systems, Inc."
WIKI/HSII,"Heidrick & Struggles International, Inc."
WIKI/HMTV,"Hemisphere Media Group, Inc."
WIKI/HELE,"Helen of Troy Limited"
WIKI/HLX,"Helix Energy Solutions Group, Inc."
WIKI/HLF,"Herbalife LTD."
WIKI/HTGC,"Hercules Technology Growth Capital, Inc."
WIKI/HTBK,"Heritage Commerce Corp"
WIKI/HFWA,"Heritage Financial Corporation"
WIKI/HEOP,"Heritage Oaks Bancorp"
WIKI/HXL,"Hexcel Corporation"
WIKI/HTZ,"Hertz Global Holdings, Inc"
WIKI/MLHR,"Herman Miller, Inc."
WIKI/HF,"HFF, Inc."
WIKI/HIBB,"Hibbett Sports, Inc."
WIKI/HI,"Hillenbrand Inc"
WIKI/HTH,"Hilltop Holdings Inc."
WIKI/HRC,"Hill-Rom Holdings Inc"
WIKI/HIFS,"Hingham Institution for Savings"
WIKI/HMSY,"HMS Holdings Corp"
WIKI/BCC,"Boise Cascade, L.L.C."
WIKI/BFAM,"Bright Horizons Family Solutions Inc."
WIKI/COWN,"Cowen Group, Inc."
WIKI/CRY,"CryoLife, Inc."
WIKI/HITT,"Hittite Microwave Corporation"
WIKI/MRH,"Montpelier Re Holdings Ltd."
WIKI/ISSI,"Integrated Silicon Solution, Inc."
WIKI/IRF,"International Rectifier Corporation"
WIKI/NTGR,"NETGEAR, Inc."
WIKI/RPTP,"Raptor Pharmaceutical Corp."
WIKI/PNK,"Pinnacle Entertainment, Inc."
WIKI/PRO,"PROS Holdings, Inc."
WIKI/OXM,"Oxford Industries, Inc."
WIKI/PCTI,"PC-Tel, Inc."
WIKI/SHEN,"Shenandoah Telecommunications Co"
WIKI/TRGP,"Targa Resources, Inc."
WIKI/SCL,"Stepan Company"
WIKI/SPN,"Superior Energy Services, Inc."
WIKI/SVU,"SuperValu Inc."
WIKI/WPX,"WPX Energy, Inc."
WIKI/WMK,"Weis Markets, Inc."
WIKI/WWE,"World Wrestling Entertainment, Inc."
WIKI/AMGN,"Amgen Inc."
WIKI/GT,"The Goodyear Tire & Rubber Company"
WIKI/GNW,"Genworth Financial Inc"
WIKI/GM,"General Motors Company"
WIKI/MDLZ,"Mondelez International, Inc."
WIKI/PEP,"Pepsico, Inc."
WIKI/XL,"XL Group plc"
WIKI/NBR,"Nabors Industries Ltd."
WIKI/NFLX,"Netflix, Inc."
WIKI/RSG,"Republic Services, Inc."
WIKI/RRC,"Range Resources Corporation"
WIKI/NOV,"National Oilwel Varcol, Inc."
WIKI/NLSN,"Nielsen Holdings N.V."
WIKI/NVDA,"NVIDIA Corporation"
WIKI/PSA,"Public Storage"
WIKI/PWR,"Quanta Services, Inc."
WIKI/ROP,"Roper Industries, Inc."
WIKI/UNP,"Union Pacific Corporation"
WIKI/SJM,"J.M. Smucker Company (The)"
WIKI/TSCO,"Tractor Supply Company"
WIKI/WY,"Weyerhaeuser Company"
WIKI/ATI,"Allegheny Technologies Incorporated"
WIKI/CA,"CA Inc."
WIKI/GNCMA,"General Communication, Inc."
WIKI/ETFC,"E*TRADE Financial Corporation"
WIKI/DO,"Diamond Offshore Drilling, Inc."
WIKI/IFF,"Internationa Flavors & Fragrances, Inc."
WIKI/EL,"Estee Lauder Companies, Inc. (The)"
WIKI/FAST,"Fastenal Company"
WIKI/GIS,"General Mills, Inc."
WIKI/GOOGL,"Google Inc."
WIKI/FCX,"Freeport-McMoran Copper & Gold, Inc."
WIKI/GD,"General Dynamics Corporation"
WIKI/IP,"International Paper Company"
WIKI/BBSI,"Barrett Business Services, Inc."
WIKI/IPG,"Interpublic Group of Companies, Inc. (The)"
WIKI/IRM,"Iron Mountain Incorporated"
WIKI/LH,"Laboratory Corporation of America Holdings"
WIKI/KORS,"Michael Kors Holdings Limited"
WIKI/MAS,"Masco Corporation"
WIKI/MCD,"McDonald's Corporation"
WIKI/MHK,"Mohawk Industries, Inc."
WIKI/MU,"Micron Technology, Inc."
WIKI/NI,"NiSource, Inc"
WIKI/CVD,"Covance Inc."
WIKI/FFIN,"First Financial Bankshares, Inc."
WIKI/FBC,"Flagstar Bancorp, Inc."
WIKI/LHCG,"LHC Group"
WIKI/EXPE,"Expedia, Inc."
WIKI/ARG,"Airgas, Inc."
WIKI/GGP,"General Growth Properties, Inc."
WIKI/IR,"Ingersoll-Rand plc (Ireland)"
WIKI/LEG,"Leggett & Platt, Incorporated"
WIKI/LLTC,"Linear Technology Corporation"
WIKI/MYL,"Mylan Inc."
WIKI/TIF,"Tiffany & Co."
WIKI/CST,"CST Brands, Inc."
WIKI/DSW,"DSW Inc."
WIKI/DRTX,"Durata Therapeutics, Inc."
WIKI/ENR,"Energizer Holdings, Inc."
WIKI/EXAS,"EXACT Sciences Corporation"
WIKI/GGG,"Graco Inc."
WIKI/STL,"Sterling Bancorp"
WIKI/ZINC,"Horsehead Holding Corp."
WIKI/INDB,"Independent Bank Corp."
WIKI/MDR,"McDermott International, Inc."
WIKI/MCGC,"MCG Capital Corporation"
WIKI/MTZ,"MasTec, Inc."
WIKI/MDAS,"MedAssets, Inc."
WIKI/ALOG,"Analogic Corporation"
WIKI/AVA,"Avista Corporation"
WIKI/ATMI,"ATMI Inc."
WIKI/CJES,"C&J Energy Services, Inc."
WIKI/MLR,"Miller Industries, Inc."
WIKI/BWA,"BorgWarner Inc."
WIKI/AEP,"American Electric Power Company, Inc."
WIKI/CPE,"Callon Petroleum Company"
WIKI/BLK,"BlackRock, Inc."
WIKI/CELG,"Celgene Corporation"
WIKI/CSV,"Carriage Services, Inc."
WIKI/CECO,"Career Education Corporation"
WIKI/CLDX,"Celldex Therapeutics, Inc."
WIKI/N,"Netsuite Inc"
WIKI/CNK,"Cinemark Holdings Inc"
WIKI/CNL,"Cleco Corporation"
WIKI/CYH,"Community Health Systems, Inc."
WIKI/CRVL,"CorVel Corp."
WIKI/CRK,"Comstock Resources, Inc."
WIKI/CR,"Crane Company"
WIKI/CYBX,"Cyberonics, Inc."
WIKI/MORN,"Morningstar, Inc."
WIKI/DV,"DeVry Education Group Inc."
WIKI/DAKT,"Daktronics, Inc."
WIKI/DK,"Delek US Holdings, Inc."
WIKI/ECHO,"Echo Global Logistics, Inc."
WIKI/PERY,"Perry Ellis International Inc."
WIKI/DIN,"DineEquity, Inc"
WIKI/PCL,"Plum Creek Timber Company, Inc."
WIKI/POM,"PEPCO Holdings, Inc."
WIKI/STT,"State Street Corporation"
WIKI/ENZN,"Enzon Pharmaceuticals, Inc."
WIKI/FRM,"Furmanite Corporation"
WIKI/FXEN,"FX Energy, Inc."
WIKI/MOH,"Molina Healthcare Inc"
WIKI/GLUU,"Glu Mobile Inc."
WIKI/FIO,"Fusion-io, Inc."
WIKI/PANW,"Palo Alto Networks, Inc."
WIKI/PIR,"Pier 1 Imports, Inc."
WIKI/PLXS,"Plexus Corp."
WIKI/POL,"PolyOne Corporation"
WIKI/PRLB,"Proto Labs, Inc."
WIKI/PRIM,"Primoris Services Corporation"
WIKI/RAVN,"Raven Industries, Inc."
WIKI/PBYI,"Puma Biotechnology Inc"
WIKI/PVTB,"PrivateBancorp, Inc."
WIKI/PB,"Prosperity Bancshares, Inc."
WIKI/RDI,"Reading International Inc"
WIKI/RBC,"Regal Beloit Corporation"
WIKI/REV,"Revlon, Inc."
WIKI/SAPE,"Sapient Corporation"
WIKI/SPNS,"Sapiens International Corporation N.V."
WIKI/SBNY,"Signature Bank"
WIKI/SGY,"Stone Energy Corporation"
WIKI/SUBK,"Suffolk Bancorp"
WIKI/STLD,"Steel Dynamics, Inc."
WIKI/TGE,"TGC Industries, Inc."
WIKI/TXRH,"Texas Roadhouse, Inc."
WIKI/TFX,"Teleflex Incorporated"
WIKI/UGI,"UGI Corporation"
WIKI/UPIP,"Unwired Planet, Inc."
WIKI/VNTV,"Vantiv, Inc."
WIKI/VRTU,"Virtusa Corporation"
WIKI/VSAT,"ViaSat, Inc."
WIKI/VSH,"Vishay Intertechnology, Inc."
WIKI/ZAGG,"ZAGG Inc"
WIKI/DXPE,"DXP Enterprises, Inc."
WIKI/GOOG,"Google Inc."
WIKI/ERII,"Energy Recovery, Inc."
WIKI/ECYT,"Endocyte, Inc."
WIKI/ENS,"Enersys"
WIKI/AEL,"American Equity Investment Life Holding Company"
WIKI/HCP,"HCP, Inc."
WIKI/HIG,"Hartford Financial Services Group, Inc. (The)"
WIKI/CBF,"Capital Bank Financial Corp."
WIKI/HPQ,"Hewlett-Packard Company"
WIKI/BMTC,"Bryn Mawr Bank Corporation"
WIKI/ACHN,"Achillion Pharmaceuticals, Inc."
WIKI/PFG,"Principal Financial Group Inc"
WIKI/ATW,"Atwood Oceanics, Inc."
WIKI/ACN,"Accenture plc."
WIKI/BBT,"BB&T Corporation"
WIKI/ACM,"Aecom Technology Corporation"
WIKI/PXD,"Pioneer Natural Resources Company"
WIKI/CBG,"CBRE Group, Inc."
WIKI/CERN,"Cerner Corporation"
WIKI/QCOM,"QUALCOMM Incorporated"
WIKI/INWK,"InnerWorkings, Inc."
WIKI/BWS,"Brown Shoe Company, Inc."
WIKI/JCI,"Johnson Controls, Inc."
WIKI/JNJ,"Johnson & Johnson"
WIKI/JWN,"Nordstrom, Inc."
WIKI/TDC,"Teradata Corporation"
WIKI/TRV,"The Travelers Companies, Inc."
WIKI/K,"Kellogg Company"
WIKI/AMSC,"American Superconductor Corporation"
WIKI/T,"AT&T Inc."
WIKI/AA,"Alcoa Inc."
WIKI/CB,"Chubb Corporation (The)"
WIKI/LOW,"Lowe's Companies, Inc."
WIKI/MHFI,"McGraw Hill Financial, Inc."
WIKI/ACE,"Ace Limited"
WIKI/ADI,"Analog Devices, Inc."
WIKI/ADBE,"Adobe Systems Incorporated"
WIKI/BF_B,"Brown Forman Corporation"
WIKI/ADSK,"Autodesk, Inc."
WIKI/AET,"Aetna Inc."
WIKI/BRCM,"Broadcom Corporation"
WIKI/CCL,"Carnival Corporation"
WIKI/COV,"Covidien plc."
WIKI/DD,"E.I. du Pont de Nemours and Company"
WIKI/CCE,"Coca-Cola Enterprises, Inc."
WIKI/BA,"Boeing Company (The)"
WIKI/AN,"AutoNation, Inc."
WIKI/BAC,"Bank of America Corporation"
WIKI/BK,"Bank Of New York Mellon Corporation (The)"
WIKI/CAT,"Caterpillar, Inc."
WIKI/LSI,"LSI Corporation"
WIKI/CBS,"CBS Corporation"
WIKI/NRG,"NRG Energy, Inc."
WIKI/CINF,"Cincinnati Financial Corporation"
WIKI/CTXS,"Citrix Systems, Inc."
WIKI/M,"Macy's Inc"
WIKI/RAI,"Reynolds American Inc"
WIKI/DPS,"Dr Pepper Snapple Group, Inc"
WIKI/EA,"Electronic Arts Inc."
WIKI/CNX,"CONSOL Energy Inc."
WIKI/MWV,"Meadwestvaco Corporation"
WIKI/LLY,"Eli Lilly and Company"
WIKI/THC,"Tenet Healthcare Corporation"
WIKI/EQR,"Equity Residential"
WIKI/MCO,"Moody's Corporation"
WIKI/MDT,"Medtronic, Inc."
WIKI/MMM,"3M Company"
WIKI/NKE,"Nike, Inc."
WIKI/RIG,"Transocean Ltd."
WIKI/FLS,"Flowserve Corporation"
WIKI/NBL,"Noble Energy Inc."
WIKI/FOSL,"Fossil Group, Inc."
WIKI/FOXA,"Twenty-First Century Fox, Inc."
WIKI/FSLR,"First Solar, Inc."
WIKI/TMO,"Thermo Fisher Scientific Inc"
WIKI/VAR,"Varian Medical Systems, Inc."
WIKI/WM,"Waste Management, Inc."
WIKI/AUXL,"Auxilium Pharmaceuticals, Inc."
WIKI/PBF,"PBF Energy Inc."
WIKI/GME,"Gamestop Corporation"
WIKI/CEMP,"Cempra, Inc."
WIKI/CAVM,"Cavium, Inc."
WIKI/CHS,"Chico's FAS, Inc."
WIKI/CIR,"CIRCOR International, Inc."
WIKI/DTLK,"Datalink Corporation"
WIKI/CPWR,"Compuware Corporation"
WIKI/CROX,"Crocs, Inc."
WIKI/CGNX,"Cognex Corporation"
WIKI/CTB,"Cooper Tire & Rubber Company"
WIKI/CSS,"CSS Industries, Inc."
WIKI/DWA,"Dreamworks Animation SKG, Inc."
WIKI/DEPO,"Depomed, Inc."
WIKI/DY,"Dycom Industries, Inc."
WIKI/SATS,"EchoStar Corporation"
WIKI/RDEN,"Elizabeth Arden, Inc."
WIKI/EBF,"Ennis, Inc."
WIKI/FNSR,"Finisar Corporation"
WIKI/BUSE,"First Busey Corporation"
WIKI/EXTR,"Extreme Networks, Inc."
WIKI/FFBC,"First Financial Bancorp."
WIKI/FHCO,"Female Health Company (The)"
WIKI/FFIC,"Flushing Financial Corporation"
WIKI/FVE,"Five Star Quality Care, Inc."
WIKI/FCFS,"First Cash Financial Services, Inc."
WIKI/FTK,"Flotek Industries, Inc."
WIKI/FRF,"Fortegra Financial Corporation"
WIKI/GNE,"Genie Energy Ltd."
WIKI/GERN,"Geron Corporation"
WIKI/BGC,"General Cable Corporation"
WIKI/GHM,"Graham Corporation"
WIKI/GEOS,"Geospace Technologies Corporation"
WIKI/HNT,"Health Net Inc."
WIKI/HALO,"Halozyme Therapeutics, Inc."
WIKI/HGG,"HHGregg, Inc."
WIKI/ONE,"Higher One Holdings, Inc."
WIKI/HUN,"Huntsman Corporation"
WIKI/IACI,"IAC/InterActiveCorp"
WIKI/IPI,"Intrepid Potash, Inc"
WIKI/IHS,"IHS Inc."
WIKI/IBOC,"International Bancshares Corporation"
WIKI/IVC,"Invacare Corporation"
WIKI/LTM,"Life Time Fitness"
WIKI/IPCM,"IPC The Hospitalist Company, Inc."
WIKI/MTW,"Manitowoc Company, Inc. (The)"
WIKI/ICPT,"Intercept Pharmaceuticals, Inc."
WIKI/KVHI,"KVH Industries, Inc."
WIKI/IRBT,"iRobot Corporation"
WIKI/LPNT,"LifePoint Hospitals, Inc."
WIKI/KYTH,"Kythera Biopharmaceuticals, Inc."
WIKI/LNN,"Lindsay Corporation"
WIKI/LDR,"Landauer, Inc."
WIKI/LLNW,"Limelight Networks, Inc."
WIKI/MAN,"ManpowerGroup"
WIKI/MN,"Manning & Napier, Inc."
WIKI/SHOO,"Steven Madden, Ltd."
WIKI/EBSB,"Meridian Interstate Bancorp, Inc."
WIKI/MCHX,"Marchex, Inc."
WIKI/MTDR,"Matador Resources Company"
WIKI/MXWL,"Maxwell Technologies, Inc."
WIKI/TAXI,"Medallion Financial Corp."
WIKI/MCRS,"MICROS Systems, Inc."
WIKI/MGM,"MGM Resorts International"
WIKI/MYE,"Myers Industries, Inc."
WIKI/NRCIA,"National Research Corporation"
WIKI/NBTB,"NBT Bancorp Inc."
WIKI/NWE,"NorthWestern Corporation"
WIKI/NRIM,"Northrim BanCorp Inc"
WIKI/ORA,"Ormat Technologies, Inc."
WIKI/PSUN,"Pacific Sunwear of California, Inc."
WIKI/PDCE,"PDC Energy, Inc."
WIKI/ORIT,"Oritani Financial Corp."
WIKI/PWOD,"Penns Woods Bancorp, Inc."
WIKI/PKE,"Park Electrochemical Corporation"
WIKI/PEBO,"Peoples Bancorp Inc."
WIKI/PLPM,"Planet Payment, Inc."
WIKI/PLXT,"PLX Technology, Inc."
WIKI/PNM,"PNM Resources, Inc. (Holding Co.)"
WIKI/PCYC,"Pharmacyclics, Inc."
WIKI/PLAB,"Photronics, Inc."
WIKI/PL,"Protective Life Corporation"
WIKI/QLYS,"Qualys, Inc."
WIKI/PPO,"Polypore International Inc"
WIKI/RSTI,"Rofin-Sinar Technologies, Inc."
WIKI/REMY,"Remy International, Inc."
WIKI/RALY,"Rally Software Development Corp."
WIKI/RH,"Restoration Hardware Holdings Inc."
WIKI/RCL,"Royal Caribbean Cruises Ltd."
WIKI/RUTH,"Ruth's Hospitality Group, Inc."
WIKI/RGLD,"Royal Gold, Inc."
WIKI/SFE,"Safeguard Scientifics, Inc."
WIKI/SFL,"Ship Finance International Limited"
WIKI/SYBT,"S.Y. Bancorp, Inc."
WIKI/SGA,"Saga Communications, Inc."
WIKI/SGK,"Schawk, Inc."
WIKI/SMG,"Scotts Miracle-Gro Company (The)"
WIKI/SLAB,"Silicon Laboratories, Inc."
WIKI/SM,"SM Energy Company"
WIKI/SIMG,"Silicon Image, Inc."
WIKI/STNR,"Steiner Leisure Limited"
WIKI/SON,"Sonoco Products Company"
WIKI/SSI,"Stage Stores, Inc."
WIKI/SCS,"Steelcase Inc."
WIKI/SRDX,"SurModics, Inc."
WIKI/TICC,"TICC Capital Corp."
WIKI/SNHY,"Sun Hydraulics Corporation"
WIKI/TGTX,"TG Therapeutics, Inc."
WIKI/SYNA,"Synaptics Incorporated"
WIKI/TEAR,"TearLab Corporation"
WIKI/TSYS,"TeleCommunication Systems, Inc."
WIKI/TKR,"Timken Company (The)"
WIKI/VRA,"Vera Bradley, Inc."
WIKI/EGY,"Vaalco Energy Inc"
WIKI/VNDA,"Vanda Pharmaceuticals Inc."
WIKI/VVI,"Viad Corp"
WIKI/XOXO,"XO Group, Inc."
WIKI/ZIGO,"Zygo Corporation"
WIKI/AKAM,"Akamai Technologies, Inc."
WIKI/C,"Citigroup Inc."
WIKI/DHI,"D.R. Horton, Inc."
WIKI/EXC,"Exelon Corporation"
WIKI/FFIV,"F5 Networks, Inc."
WIKI/FITB,"Fifth Third Bancorp"
WIKI/GLW,"Corning Incorporated"
WIKI/LB,"L Brands, Inc."
WIKI/MO,"Altria Group"
WIKI/OKE,"ONEOK, Inc."
WIKI/ORCL,"Oracle Corporation"
WIKI/TXT,"Textron Inc."
WIKI/AON,"Aon plc"
WIKI/CVX,"Chevron Corporation"
WIKI/AFL,"Aflac Incorporated"
WIKI/BTU,"Peabody Energy Corporation"
WIKI/PM,"Philip Morris International Inc"
WIKI/WYNN,"Wynn Resorts, Limited"
WIKI/STJ,"St. Jude Medical, Inc."
WIKI/BSET,"Bassett Furniture Industries, Incorporated"
WIKI/WWD,"Woodward, Inc."
WIKI/CIX,"CompX International Inc."
WIKI/CNQR,"Concur Technologies, Inc."
WIKI/CNMD,"CONMED Corporation"
WIKI/CNOB,"ConnectOne Bancorp, Inc."
WIKI/CREE,"Cree, Inc."
WIKI/CNP,"CenterPoint Energy, Inc."
WIKI/DHR,"Danaher Corporation"
WIKI/F,"Ford Motor Company"
WIKI/DGII,"Digi International Inc."
WIKI/GPC,"Genuine Parts Company"
WIKI/IVZ,"Invesco Plc"
WIKI/JPM,"J P Morgan Chase & Co"
WIKI/KEY,"KeyCorp"
WIKI/KMX,"CarMax Inc"
WIKI/SHW,"Sherwin-Williams Company (The)"
WIKI/SRCL,"Stericycle, Inc."
WIKI/SPLS,"Staples, Inc."
WIKI/TWC,"Time Warner Cable Inc"
WIKI/TSO,"Tesoro Corporation"
WIKI/WFM,"Whole Foods Market, Inc."
WIKI/EOPN,"E2open, Inc."
WIKI/EWBC,"East West Bancorp, Inc."
WIKI/ELX,"Emulex Corporation"
WIKI/EIG,"Employers Holdings Inc"
WIKI/ESL,"Esterline Technologies Corporation"
WIKI/FLXS,"Flexsteel Industries, Inc."
WIKI/FTNT,"Fortinet, Inc."
WIKI/FRED,"Fred's, Inc."
WIKI/GBCI,"Glacier Bancorp, Inc."
WIKI/GPN,"Global Payments Inc."
WIKI/GSOL,"Global Sources Ltd."
WIKI/HLS,"HealthSouth Corporation"
WIKI/HTCO,"Hickory Tech Corporation"
WIKI/INTX,"Intersections, Inc."
WIKI/COLM,"Columbia Sportswear Company"
WIKI/CWCO,"Consolidated Water Co. Ltd."
WIKI/CFR,"Cullen/Frost Bankers, Inc."
WIKI/CYNI,"Cyan, Inc."
WIKI/DISH,"DISH Network Corporation"
WIKI/FULT,"Fulton Financial Corporation"
WIKI/GEF,"Greif Bros. Corporation"
